[env]glog not configured from command line. Using default configuration.
I0915 13:32:53.828556   26229 env.go:770] [env]try /Users/brien/urnetwork/config, [settings.yml]
I0915 13:32:53.829270   26229 env.go:770] [env]try /Users/brien/urnetwork/config/local, [settings.yml]
I0915 13:32:53.829411   26229 env.go:770] [env]try /Users/brien/urnetwork/config/all, [settings.yml]
I0915 13:32:53.830308   26229 env.go:770] [env]try /Users/brien/urnetwork/site, [settings.yml]
I0915 13:32:53.830332   26229 env.go:67] [env]settings = map[]
=== RUN   TestExchangeRelayPoolBalance
I0915 13:32:53.836290   26229 env.go:770] [env]try /Users/brien/urnetwork/vault, [pg.yml]
I0915 13:32:53.837126   26229 env.go:770] [env]try /Users/brien/urnetwork/vault/local, [pg.yml]
I0915 13:32:53.837392   26229 env.go:770] [env]try /Users/brien/urnetwork/vault/all, [pg.yml]
I0915 13:32:53.837596   26229 env.go:770] [env]try /Users/brien/urnetwork/vault, [redis.yml]
I0915 13:32:53.837649   26229 env.go:770] [env]try /Users/brien/urnetwork/vault/local, [redis.yml]
I0915 13:32:53.837693   26229 env.go:770] [env]try /Users/brien/urnetwork/vault/all, [redis.yml]
I0915 13:32:53.837750   26229 env.go:770] [env]try /Users/brien/urnetwork/config, [db.yml]
I0915 13:32:53.837792   26229 env.go:770] [env]try /Users/brien/urnetwork/config/local, [db.yml]
I0915 13:32:53.837831   26229 env.go:770] [env]try /Users/brien/urnetwork/config/all, [db.yml]
I0915 13:32:53.837893   26229 env.go:770] [env]try /Users/brien/urnetwork/config, [redis.yml]
I0915 13:32:53.837939   26229 env.go:770] [env]try /Users/brien/urnetwork/config/local, [redis.yml]
I0915 13:32:53.837976   26229 env.go:770] [env]try /Users/brien/urnetwork/config/all, [redis.yml]
I0915 13:32:53.838268   26229 env.go:705] [env]lookup env var "BRINGYOUR_POSTGRES_HOSTNAME"
I0915 13:32:53.838283   26229 env.go:672] [env]/Users/brien/urnetwork/vault/local/pg.yml[authority] = 10***32
I0915 13:32:53.838298   26229 env.go:672] [env]/Users/brien/urnetwork/vault/local/pg.yml[user] = br***ur
I0915 13:32:53.838312   26229 env.go:672] [env]/Users/brien/urnetwork/vault/local/pg.yml[password] = pi***ur
I0915 13:32:53.838324   26229 env.go:672] [env]/Users/brien/urnetwork/vault/local/pg.yml[db] = br***ur
I0915 13:32:53.838528   26229 env.go:705] [env]lookup env var "BRINGYOUR_REDIS_HOSTNAME"
I0915 13:32:53.838538   26229 env.go:672] [env]/Users/brien/urnetwork/vault/local/redis.yml[authority] = 10***79
I0915 13:32:53.838549   26229 env.go:672] [env]/Users/brien/urnetwork/vault/local/redis.yml[password] = ***
I0915 13:32:53.838555   26229 env.go:656] [env]/Users/brien/urnetwork/vault/local/redis.yml[db] = 0
I0915 13:32:53.838561   26229 env.go:640] [env]/Users/brien/urnetwork/vault/local/redis.yml[cluster] = false
I0915 13:32:53.838880   26229 env.go:656] [env]/Users/brien/urnetwork/config/local/db.yml[min_connections] = 4
I0915 13:32:53.838891   26229 env.go:656] [env]/Users/brien/urnetwork/config/local/db.yml[max_connections] = 16
I0915 13:32:53.839052   26229 env.go:656] [env]/Users/brien/urnetwork/config/local/redis.yml[min_connections] = 4
I0915 13:32:53.839059   26229 env.go:656] [env]/Users/brien/urnetwork/config/local/redis.yml[max_connections] = 16
I0915 13:32:53.861305   26229 env.go:770] [env]try /Users/brien/urnetwork/vault, [pg.yml]
I0915 13:32:53.861490   26229 env.go:770] [env]try /Users/brien/urnetwork/vault/local, [pg.yml]
I0915 13:32:53.861562   26229 env.go:770] [env]try /Users/brien/urnetwork/vault/all, [pg.yml]
I0915 13:32:53.861587   26229 env.go:770] [env]try /Users/brien/urnetwork/vault, [pg.yml]
I0915 13:32:53.861683   26229 env.go:770] [env]try /Users/brien/urnetwork/vault, [pg_maintenance.yml]
I0915 13:32:53.861675   26229 env.go:770] [env]try /Users/brien/urnetwork/vault/local, [pg.yml]
I0915 13:32:53.861749   26229 env.go:770] [env]try /Users/brien/urnetwork/vault/local, [pg_maintenance.yml]
I0915 13:32:53.861782   26229 env.go:770] [env]try /Users/brien/urnetwork/vault/all, [pg.yml]
I0915 13:32:53.861794   26229 env.go:770] [env]try /Users/brien/urnetwork/vault/all, [pg_maintenance.yml]
I0915 13:32:53.861852   26229 env.go:770] [env]try /Users/brien/urnetwork/config, [db.yml]
I0915 13:32:53.861942   26229 env.go:770] [env]try /Users/brien/urnetwork/config/local, [db.yml]
I0915 13:32:53.861981   26229 env.go:770] [env]try /Users/brien/urnetwork/config/all, [db.yml]
I0915 13:32:53.862078   26229 env.go:656] [env]/Users/brien/urnetwork/config/local/db.yml[min_connections] = 4
I0915 13:32:53.862093   26229 env.go:656] [env]/Users/brien/urnetwork/config/local/db.yml[max_connections] = 16
I0915 13:32:53.862103   26229 db.go:210] [db]options = map[connect_timeout:30 pool_health_check_period:1s pool_max_conn_idle_time:60m pool_max_conn_lifetime:8h pool_max_conn_lifetime_jitter:15m pool_max_conns:16 pool_min_conns:4 sslmode:disable]
I0915 13:32:53.861859   26229 env.go:770] [env]try /Users/brien/urnetwork/vault, [redis.yml]
I0915 13:32:53.862240   26229 env.go:672] [env]/Users/brien/urnetwork/vault/local/pg.yml[user] = br***ur
I0915 13:32:53.862271   26229 env.go:672] [env]/Users/brien/urnetwork/vault/local/pg.yml[password] = pi***ur
I0915 13:32:53.862290   26229 env.go:705] [env]lookup env var "BRINGYOUR_POSTGRES_HOSTNAME"
I0915 13:32:53.862297   26229 env.go:672] [env]/Users/brien/urnetwork/vault/local/pg.yml[authority] = 10***32
I0915 13:32:53.862308   26229 env.go:672] [env]/Users/brien/urnetwork/vault/local/pg.yml[db] = br***ur
I0915 13:32:53.862370   26229 env.go:770] [env]try /Users/brien/urnetwork/vault/local, [redis.yml]
I0915 13:32:53.862500   26229 env.go:770] [env]try /Users/brien/urnetwork/vault/all, [redis.yml]
I0915 13:32:53.862880   26229 env.go:705] [env]lookup env var "BRINGYOUR_REDIS_HOSTNAME"
I0915 13:32:53.862927   26229 env.go:672] [env]/Users/brien/urnetwork/vault/local/redis.yml[authority] = 10***79
I0915 13:32:53.862963   26229 env.go:672] [env]/Users/brien/urnetwork/vault/local/redis.yml[password] = ***
I0915 13:32:53.862999   26229 env.go:656] [env]/Users/brien/urnetwork/vault/local/redis.yml[db] = 0
I0915 13:32:53.863010   26229 env.go:640] [env]/Users/brien/urnetwork/vault/local/redis.yml[cluster] = false
I0915 13:32:53.930485   26229 env.go:770] [env]try /Users/brien/urnetwork/vault, [pg.yml]
I0915 13:32:53.930722   26229 env.go:770] [env]try /Users/brien/urnetwork/vault/local, [pg.yml]
I0915 13:32:53.930789   26229 env.go:770] [env]try /Users/brien/urnetwork/vault/all, [pg.yml]
I0915 13:32:53.930855   26229 env.go:770] [env]try /Users/brien/urnetwork/vault, [pg_maintenance.yml]
I0915 13:32:53.930911   26229 env.go:770] [env]try /Users/brien/urnetwork/vault/local, [pg_maintenance.yml]
I0915 13:32:53.931024   26229 env.go:770] [env]try /Users/brien/urnetwork/vault/all, [pg_maintenance.yml]
I0915 13:32:53.931111   26229 env.go:770] [env]try /Users/brien/urnetwork/config, [db.yml]
I0915 13:32:53.931346   26229 env.go:770] [env]try /Users/brien/urnetwork/config/local, [db.yml]
I0915 13:32:53.931418   26229 env.go:770] [env]try /Users/brien/urnetwork/config/all, [db.yml]
I0915 13:32:53.931494   26229 env.go:770] [env]try /Users/brien/urnetwork/config, [db_maintenance.yml]
I0915 13:32:53.931545   26229 env.go:770] [env]try /Users/brien/urnetwork/config/local, [db_maintenance.yml]
I0915 13:32:53.931596   26229 env.go:770] [env]try /Users/brien/urnetwork/config/all, [db_maintenance.yml]
I0915 13:32:53.931732   26229 env.go:656] [env]/Users/brien/urnetwork/config/local/db.yml[min_connections] = 4
I0915 13:32:53.931748   26229 env.go:656] [env]/Users/brien/urnetwork/config/local/db.yml[max_connections] = 16
I0915 13:32:53.931757   26229 db.go:210] [db]options = map[connect_timeout:30 pool_health_check_period:1s pool_max_conn_idle_time:60m pool_max_conn_lifetime:8h pool_max_conn_lifetime_jitter:15m pool_max_conns:16 pool_min_conns:4 sslmode:disable]
I0915 13:32:53.931893   26229 env.go:672] [env]/Users/brien/urnetwork/vault/local/pg.yml[user] = br***ur
I0915 13:32:53.931929   26229 env.go:672] [env]/Users/brien/urnetwork/vault/local/pg.yml[password] = pi***ur
I0915 13:32:53.931949   26229 env.go:705] [env]lookup env var "BRINGYOUR_POSTGRES_HOSTNAME"
I0915 13:32:53.931955   26229 env.go:672] [env]/Users/brien/urnetwork/vault/local/pg.yml[authority] = 10***32
I0915 13:32:53.931989   26229 env.go:672] [env]/Users/brien/urnetwork/vault/local/pg.yml[db] = br***ur
I0915 13:32:53.948487   26229 env.go:770] [env]try /Users/brien/urnetwork/vault, [redis.yml]
I0915 13:32:53.948629   26229 env.go:770] [env]try /Users/brien/urnetwork/vault/local, [redis.yml]
I0915 13:32:53.948697   26229 env.go:770] [env]try /Users/brien/urnetwork/vault/all, [redis.yml]
I0915 13:32:53.948774   26229 env.go:770] [env]try /Users/brien/urnetwork/config, [redis.yml]
I0915 13:32:53.948819   26229 env.go:770] [env]try /Users/brien/urnetwork/config/local, [redis.yml]
I0915 13:32:53.948871   26229 env.go:770] [env]try /Users/brien/urnetwork/config/all, [redis.yml]
I0915 13:32:53.949420   26229 env.go:656] [env]/Users/brien/urnetwork/config/local/redis.yml[min_connections] = 4
I0915 13:32:53.949440   26229 env.go:656] [env]/Users/brien/urnetwork/config/local/redis.yml[max_connections] = 16
I0915 13:32:53.949494   26229 env.go:672] [env]/Users/brien/urnetwork/vault/local/redis.yml[authority] = 10***79
I0915 13:32:53.949515   26229 env.go:672] [env]/Users/brien/urnetwork/vault/local/redis.yml[password] = ***
I0915 13:32:53.949524   26229 env.go:640] [env]/Users/brien/urnetwork/vault/local/redis.yml[cluster] = false
I0915 13:32:53.949542   26229 env.go:672] [env]/Users/brien/urnetwork/vault/local/redis.yml[authority] = 10***79
I0915 13:32:53.949553   26229 env.go:656] [env]/Users/brien/urnetwork/vault/local/redis.yml[db] = 9
I0915 13:32:53.956102   26229 env.go:770] [env]try /Users/brien/urnetwork/vault, [pg.yml]
I0915 13:32:53.956241   26229 env.go:770] [env]try /Users/brien/urnetwork/vault/local, [pg.yml]
I0915 13:32:53.956385   26229 env.go:770] [env]try /Users/brien/urnetwork/vault/all, [pg.yml]
I0915 13:32:53.956481   26229 env.go:770] [env]try /Users/brien/urnetwork/vault, [pg_maintenance.yml]
I0915 13:32:53.956525   26229 env.go:770] [env]try /Users/brien/urnetwork/vault/local, [pg_maintenance.yml]
I0915 13:32:53.956566   26229 env.go:770] [env]try /Users/brien/urnetwork/vault/all, [pg_maintenance.yml]
I0915 13:32:53.956612   26229 env.go:770] [env]try /Users/brien/urnetwork/config, [db.yml]
I0915 13:32:53.956649   26229 env.go:770] [env]try /Users/brien/urnetwork/config/local, [db.yml]
I0915 13:32:53.956680   26229 env.go:770] [env]try /Users/brien/urnetwork/config/all, [db.yml]
I0915 13:32:53.956741   26229 env.go:770] [env]try /Users/brien/urnetwork/config, [db_maintenance.yml]
I0915 13:32:53.956782   26229 env.go:770] [env]try /Users/brien/urnetwork/config/local, [db_maintenance.yml]
I0915 13:32:53.956809   26229 env.go:770] [env]try /Users/brien/urnetwork/config/all, [db_maintenance.yml]
I0915 13:32:53.956908   26229 env.go:656] [env]/Users/brien/urnetwork/config/local/db.yml[min_connections] = 4
I0915 13:32:53.956917   26229 env.go:656] [env]/Users/brien/urnetwork/config/local/db.yml[max_connections] = 16
I0915 13:32:53.956925   26229 db.go:210] [db]options = map[connect_timeout:30 pool_health_check_period:1s pool_max_conn_idle_time:60m pool_max_conn_lifetime:8h pool_max_conn_lifetime_jitter:15m pool_max_conns:16 pool_min_conns:4 sslmode:disable]
I0915 13:32:53.956984   26229 env.go:672] [env]pg_maintenance.yml[user] = br***ur
I0915 13:32:53.956998   26229 env.go:672] [env]pg_maintenance.yml[password] = pi***ur
I0915 13:32:53.957015   26229 env.go:705] [env]lookup env var "BRINGYOUR_POSTGRES_HOSTNAME"
I0915 13:32:53.957022   26229 env.go:672] [env]pg_maintenance.yml[authority] = 10***32
I0915 13:32:53.957037   26229 env.go:672] [env]pg_maintenance.yml[db] = te***b5
I0915 13:32:55.215627   26229 env.go:770] [env]try /Users/brien/urnetwork/vault, [pg.yml]
I0915 13:32:55.215800   26229 env.go:770] [env]try /Users/brien/urnetwork/vault/local, [pg.yml]
I0915 13:32:55.215880   26229 env.go:770] [env]try /Users/brien/urnetwork/vault/all, [pg.yml]
I0915 13:32:55.215940   26229 env.go:770] [env]try /Users/brien/urnetwork/config, [db.yml]
I0915 13:32:55.216029   26229 env.go:770] [env]try /Users/brien/urnetwork/config/local, [db.yml]
I0915 13:32:55.216089   26229 env.go:770] [env]try /Users/brien/urnetwork/config/all, [db.yml]
I0915 13:32:55.216264   26229 env.go:656] [env]/Users/brien/urnetwork/config/local/db.yml[min_connections] = 4
I0915 13:32:55.216280   26229 env.go:656] [env]/Users/brien/urnetwork/config/local/db.yml[max_connections] = 16
I0915 13:32:55.216289   26229 db.go:210] [db]options = map[connect_timeout:30 pool_health_check_period:1s pool_max_conn_idle_time:60m pool_max_conn_lifetime:8h pool_max_conn_lifetime_jitter:15m pool_max_conns:16 pool_min_conns:4 sslmode:disable]
I0915 13:32:55.216349   26229 env.go:672] [env]/Users/brien/urnetwork/vault/local/pg.yml[user] = br***ur
I0915 13:32:55.216369   26229 env.go:672] [env]/Users/brien/urnetwork/vault/local/pg.yml[password] = pi***ur
I0915 13:32:55.216384   26229 env.go:705] [env]lookup env var "BRINGYOUR_POSTGRES_HOSTNAME"
I0915 13:32:55.216392   26229 env.go:672] [env]/Users/brien/urnetwork/vault/local/pg.yml[authority] = 10***32
I0915 13:32:55.216408   26229 env.go:672] [env]/Users/brien/urnetwork/vault/local/pg.yml[db] = te***b5
I0915 13:33:01.005669   26229 env.go:770] [env]try /Users/brien/urnetwork/config, [tls.yml]
I0915 13:33:01.005999   26229 env.go:770] [env]try /Users/brien/urnetwork/vault, [redis.yml]
I0915 13:33:01.006800   26229 env.go:770] [env]try /Users/brien/urnetwork/config/local, [tls.yml]
I0915 13:33:01.006873   26229 env.go:770] [env]try /Users/brien/urnetwork/vault/local, [redis.yml]
I0915 13:33:01.007088   26229 env.go:770] [env]try /Users/brien/urnetwork/vault/all, [redis.yml]
I0915 13:33:01.007266   26229 env.go:770] [env]try /Users/brien/urnetwork/config/all, [tls.yml]
I0915 13:33:01.007295   26229 env.go:640] [env]/Users/brien/urnetwork/vault/local/redis.yml[cluster] = false
I0915 13:33:01.007304   26229 env.go:656] [env]/Users/brien/urnetwork/vault/local/redis.yml[db] = 9
I0915 13:33:01.010479   26229 env.go:770] [env]try /Users/brien/urnetwork/vault, [password.yml]
I0915 13:33:01.010737   26229 env.go:770] [env]try /Users/brien/urnetwork/vault/local, [password.yml]
I0915 13:33:01.010825   26229 env.go:770] [env]try /Users/brien/urnetwork/vault/all, [password.yml]
I0915 13:33:01.011157   26229 env.go:672] [env]/Users/brien/urnetwork/vault/local/password.yml[password pepper] = su***4g
I0915 13:33:01.107836   26229 env.go:770] [env]try /Users/brien/urnetwork/vault, [jwt.yml]
I0915 13:33:01.107965   26229 env.go:770] [env]try /Users/brien/urnetwork/vault/local, [jwt.yml]
I0915 13:33:01.108016   26229 env.go:770] [env]try /Users/brien/urnetwork/vault/all, [jwt.yml]
I0915 13:33:01.108400   26229 by_jwt.go:77] [jwt]paths: [jwt-local-evaluator.pem]
I0915 13:33:01.108657   26229 env.go:770] [env]try /Users/brien/urnetwork/vault, [jwt-local-evaluator.pem]
I0915 13:33:01.108762   26229 env.go:770] [env]try /Users/brien/urnetwork/vault/local, [jwt-local-evaluator.pem]
I0915 13:33:01.108808   26229 env.go:770] [env]try /Users/brien/urnetwork/vault/all, [jwt-local-evaluator.pem]
I0915 13:33:01.109277   26229 by_jwt.go:40] [jwt]loaded pkcs8 key "/Users/brien/urnetwork/vault/local/jwt-local-evaluator.pem"
I0915 13:33:01.109403   26229 by_jwt.go:40] [jwt]loaded pkcs8 key "/Users/brien/urnetwork/vault/local/jwt-local-evaluator.pem"
I0915 13:33:01.111225   26229 ip_ratelimit.go:197] [ratelimit]found exclude prefixes=[]
I0915 13:33:01.111308   26229 env.go:770] [env]try /Users/brien/urnetwork/vault, [client.yml]
I0915 13:33:01.111488   26229 env.go:770] [env]try /Users/brien/urnetwork/vault/local, [client.yml]
I0915 13:33:01.111549   26229 env.go:770] [env]try /Users/brien/urnetwork/vault/all, [client.yml]
I0915 13:33:01.111919   26229 env.go:672] [env]/Users/brien/urnetwork/vault/local/client.yml[client_ip_hash_pepper] = he***es
I0915 13:33:01.118000   26229 env.go:770] [env]try /Users/brien/urnetwork/vault, [auth.yml]
I0915 13:33:01.118123   26229 env.go:770] [env]try /Users/brien/urnetwork/vault/local, [auth.yml]
I0915 13:33:01.118176   26229 env.go:770] [env]try /Users/brien/urnetwork/vault/all, [auth.yml]
I0915 13:33:01.128193   26229 env.go:770] [env]try /Users/brien/urnetwork/config, [settings.yml]
I0915 13:33:01.128733   26229 env.go:770] [env]try /Users/brien/urnetwork/config/local, [settings.yml]
I0915 13:33:01.128835   26229 env.go:770] [env]try /Users/brien/urnetwork/config/all, [settings.yml]
I0915 13:33:01.129027   26229 env.go:770] [env]try /Users/brien/urnetwork/site, [settings.yml]
I0915 13:33:01.129053   26229 env.go:770] [env]try /Users/brien/urnetwork/config, [mmdb ip-ipinfo.mmdb]
I0915 13:33:01.129058   26229 env.go:770] [env]try /Users/brien/urnetwork/config/mmdb, [ip-ipinfo.mmdb]
I0915 13:33:01.129096   26229 env.go:770] [env]try /Users/brien/urnetwork/config/local, [mmdb ip-ipinfo.mmdb]
I0915 13:33:01.129102   26229 env.go:770] [env]try /Users/brien/urnetwork/config/local/mmdb, [ip-ipinfo.mmdb]
I0915 13:33:01.129134   26229 env.go:770] [env]try /Users/brien/urnetwork/config/all, [mmdb ip-ipinfo.mmdb]
I0915 13:33:01.129139   26229 env.go:770] [env]try /Users/brien/urnetwork/config/all/mmdb, [ip-ipinfo.mmdb]
I0915 13:33:01.131211   26229 env.go:807] [env]test /Users/brien/urnetwork/config/all/mmdb/2026.7.2, [ip-ipinfo.mmdb]
I0915 13:33:01.131268   26229 env.go:770] [env]try /Users/brien/urnetwork/config/all/mmdb/2026.7.2, [ip-ipinfo.mmdb]
I0915 13:33:01.131609   26229 env.go:770] [env]try /Users/brien/urnetwork/config, [pro.yml]
I0915 13:33:01.131914   26229 env.go:770] [env]try /Users/brien/urnetwork/config/local, [pro.yml]
I0915 13:33:01.132043   26229 env.go:770] [env]try /Users/brien/urnetwork/config/all, [pro.yml]
I0915 13:33:01.132665   26229 env.go:770] [env]try /Users/brien/urnetwork/config, [settings.yml]
I0915 13:33:01.132757   26229 env.go:770] [env]try /Users/brien/urnetwork/config/local, [settings.yml]
I0915 13:33:01.132814   26229 env.go:770] [env]try /Users/brien/urnetwork/config/all, [settings.yml]
I0915 13:33:01.132980   26229 env.go:770] [env]try /Users/brien/urnetwork/site, [settings.yml]
I0915 13:33:01.152407   26229 env.go:770] [env]try /Users/brien/urnetwork/vault, [st.yml]
I0915 13:33:01.152606   26229 env.go:770] [env]try /Users/brien/urnetwork/vault/local, [st.yml]
I0915 13:33:01.152704   26229 env.go:770] [env]try /Users/brien/urnetwork/vault/all, [st.yml]
I0915 13:33:01.152723   26229 network_client_controller.go:306] [ncc][01a0a658-03ce-63c4-4c32-b79287cc6d03]could not find client location. err = Unknown location type.
I0915 13:33:01.152748   26229 network_client_controller.go:306] [ncc][01a0a658-03cf-1366-bbd0-4ae555e220cf]could not find client location. err = Unknown location type.
I0915 13:33:01.153187   26229 st_controller.go:274] [st]st.yml unavailable (st subsystem disabled): URNETWORK_ST_PROFILE must be exactly testnet or mainnet
    connect_pool_balance_test.go:239: baseline: goroutines=142 pool-outstanding=0
    connect_pool_balance_test.go:251: relayed 400/400 messages
    connect_pool_balance_test.go:277: post-teardown: goroutines=8 pool-outstanding=0
I0915 13:33:04.568185   26229 env.go:770] [env]try /Users/brien/urnetwork/vault, [pg.yml]
I0915 13:33:04.569742   26229 env.go:770] [env]try /Users/brien/urnetwork/vault/local, [pg.yml]
I0915 13:33:04.570100   26229 env.go:770] [env]try /Users/brien/urnetwork/vault/all, [pg.yml]
I0915 13:33:04.570667   26229 env.go:770] [env]try /Users/brien/urnetwork/config, [db.yml]
I0915 13:33:04.571621   26229 env.go:770] [env]try /Users/brien/urnetwork/config/local, [db.yml]
I0915 13:33:04.572041   26229 env.go:770] [env]try /Users/brien/urnetwork/config/all, [db.yml]
I0915 13:33:04.572503   26229 env.go:656] [env]/Users/brien/urnetwork/config/local/db.yml[min_connections] = 4
I0915 13:33:04.572516   26229 env.go:656] [env]/Users/brien/urnetwork/config/local/db.yml[max_connections] = 16
I0915 13:33:04.572527   26229 db.go:210] [db]options = map[connect_timeout:30 pool_health_check_period:1s pool_max_conn_idle_time:60m pool_max_conn_lifetime:8h pool_max_conn_lifetime_jitter:15m pool_max_conns:16 pool_min_conns:4 sslmode:disable]
I0915 13:33:04.572869   26229 env.go:672] [env]/Users/brien/urnetwork/vault/local/pg.yml[user] = br***ur
I0915 13:33:04.572921   26229 env.go:672] [env]/Users/brien/urnetwork/vault/local/pg.yml[password] = pi***ur
I0915 13:33:04.572963   26229 env.go:705] [env]lookup env var "BRINGYOUR_POSTGRES_HOSTNAME"
I0915 13:33:04.572972   26229 env.go:672] [env]/Users/brien/urnetwork/vault/local/pg.yml[authority] = 10***32
I0915 13:33:04.572984   26229 env.go:672] [env]/Users/brien/urnetwork/vault/local/pg.yml[db] = br***ur
--- PASS: TestExchangeRelayPoolBalance (11.02s)
=== RUN   TestConnectH1
I0915 13:33:04.856407   26229 env.go:770] [env]try /Users/brien/urnetwork/vault, [pg.yml]
I0915 13:33:04.856555   26229 env.go:770] [env]try /Users/brien/urnetwork/vault/local, [pg.yml]
I0915 13:33:04.856610   26229 env.go:770] [env]try /Users/brien/urnetwork/vault/all, [pg.yml]
I0915 13:33:04.856659   26229 env.go:770] [env]try /Users/brien/urnetwork/vault, [redis.yml]
I0915 13:33:04.856707   26229 env.go:770] [env]try /Users/brien/urnetwork/vault/local, [redis.yml]
I0915 13:33:04.856745   26229 env.go:770] [env]try /Users/brien/urnetwork/vault/all, [redis.yml]
I0915 13:33:04.856832   26229 env.go:770] [env]try /Users/brien/urnetwork/config, [db.yml]
I0915 13:33:04.856977   26229 env.go:770] [env]try /Users/brien/urnetwork/config/local, [db.yml]
I0915 13:33:04.857059   26229 env.go:770] [env]try /Users/brien/urnetwork/config/all, [db.yml]
I0915 13:33:04.857133   26229 env.go:770] [env]try /Users/brien/urnetwork/config, [redis.yml]
I0915 13:33:04.857174   26229 env.go:770] [env]try /Users/brien/urnetwork/config/local, [redis.yml]
I0915 13:33:04.857219   26229 env.go:770] [env]try /Users/brien/urnetwork/config/all, [redis.yml]
I0915 13:33:04.857368   26229 env.go:705] [env]lookup env var "BRINGYOUR_POSTGRES_HOSTNAME"
I0915 13:33:04.857390   26229 env.go:672] [env]/Users/brien/urnetwork/vault/local/pg.yml[authority] = 10***32
I0915 13:33:04.857410   26229 env.go:672] [env]/Users/brien/urnetwork/vault/local/pg.yml[user] = br***ur
I0915 13:33:04.857429   26229 env.go:672] [env]/Users/brien/urnetwork/vault/local/pg.yml[password] = pi***ur
I0915 13:33:04.857441   26229 env.go:672] [env]/Users/brien/urnetwork/vault/local/pg.yml[db] = br***ur
I0915 13:33:04.857527   26229 env.go:705] [env]lookup env var "BRINGYOUR_REDIS_HOSTNAME"
I0915 13:33:04.857544   26229 env.go:672] [env]/Users/brien/urnetwork/vault/local/redis.yml[authority] = 10***79
I0915 13:33:04.857556   26229 env.go:672] [env]/Users/brien/urnetwork/vault/local/redis.yml[password] = ***
I0915 13:33:04.857563   26229 env.go:656] [env]/Users/brien/urnetwork/vault/local/redis.yml[db] = 0
I0915 13:33:04.857570   26229 env.go:640] [env]/Users/brien/urnetwork/vault/local/redis.yml[cluster] = false
I0915 13:33:04.857627   26229 env.go:656] [env]/Users/brien/urnetwork/config/local/db.yml[min_connections] = 4
I0915 13:33:04.857636   26229 env.go:656] [env]/Users/brien/urnetwork/config/local/db.yml[max_connections] = 16
I0915 13:33:04.857684   26229 env.go:656] [env]/Users/brien/urnetwork/config/local/redis.yml[min_connections] = 4
I0915 13:33:04.857691   26229 env.go:656] [env]/Users/brien/urnetwork/config/local/redis.yml[max_connections] = 16
I0915 13:33:04.869226   26229 env.go:770] [env]try /Users/brien/urnetwork/vault, [pg.yml]
I0915 13:33:04.869406   26229 env.go:770] [env]try /Users/brien/urnetwork/vault/local, [pg.yml]
I0915 13:33:04.869506   26229 env.go:770] [env]try /Users/brien/urnetwork/vault/all, [pg.yml]
I0915 13:33:04.869763   26229 env.go:770] [env]try /Users/brien/urnetwork/vault, [pg_maintenance.yml]
I0915 13:33:04.869814   26229 env.go:770] [env]try /Users/brien/urnetwork/vault/local, [pg_maintenance.yml]
I0915 13:33:04.869870   26229 env.go:770] [env]try /Users/brien/urnetwork/vault/all, [pg_maintenance.yml]
I0915 13:33:04.869996   26229 env.go:770] [env]try /Users/brien/urnetwork/vault, [redis.yml]
I0915 13:33:04.870116   26229 env.go:770] [env]try /Users/brien/urnetwork/vault/local, [redis.yml]
I0915 13:33:04.870184   26229 env.go:770] [env]try /Users/brien/urnetwork/vault/all, [redis.yml]
I0915 13:33:04.870312   26229 env.go:705] [env]lookup env var "BRINGYOUR_REDIS_HOSTNAME"
I0915 13:33:04.870326   26229 env.go:672] [env]/Users/brien/urnetwork/vault/local/redis.yml[authority] = 10***79
I0915 13:33:04.870369   26229 env.go:672] [env]/Users/brien/urnetwork/vault/local/redis.yml[password] = ***
I0915 13:33:04.870378   26229 env.go:656] [env]/Users/brien/urnetwork/vault/local/redis.yml[db] = 0
I0915 13:33:04.870384   26229 env.go:640] [env]/Users/brien/urnetwork/vault/local/redis.yml[cluster] = false
I0915 13:33:04.908980   26229 env.go:770] [env]try /Users/brien/urnetwork/vault, [pg.yml]
I0915 13:33:04.909145   26229 env.go:770] [env]try /Users/brien/urnetwork/vault/local, [pg.yml]
I0915 13:33:04.909202   26229 env.go:770] [env]try /Users/brien/urnetwork/vault/all, [pg.yml]
I0915 13:33:04.909254   26229 env.go:770] [env]try /Users/brien/urnetwork/vault, [pg_maintenance.yml]
I0915 13:33:04.909298   26229 env.go:770] [env]try /Users/brien/urnetwork/vault/local, [pg_maintenance.yml]
I0915 13:33:04.909339   26229 env.go:770] [env]try /Users/brien/urnetwork/vault/all, [pg_maintenance.yml]
I0915 13:33:04.909389   26229 env.go:770] [env]try /Users/brien/urnetwork/config, [db.yml]
I0915 13:33:04.909433   26229 env.go:770] [env]try /Users/brien/urnetwork/config/local, [db.yml]
I0915 13:33:04.909475   26229 env.go:770] [env]try /Users/brien/urnetwork/config/all, [db.yml]
I0915 13:33:04.909516   26229 env.go:770] [env]try /Users/brien/urnetwork/config, [db_maintenance.yml]
I0915 13:33:04.909547   26229 env.go:770] [env]try /Users/brien/urnetwork/config/local, [db_maintenance.yml]
I0915 13:33:04.909575   26229 env.go:770] [env]try /Users/brien/urnetwork/config/all, [db_maintenance.yml]
I0915 13:33:04.909699   26229 env.go:656] [env]/Users/brien/urnetwork/config/local/db.yml[min_connections] = 4
I0915 13:33:04.909710   26229 env.go:656] [env]/Users/brien/urnetwork/config/local/db.yml[max_connections] = 16
I0915 13:33:04.909718   26229 db.go:210] [db]options = map[connect_timeout:30 pool_health_check_period:1s pool_max_conn_idle_time:60m pool_max_conn_lifetime:8h pool_max_conn_lifetime_jitter:15m pool_max_conns:16 pool_min_conns:4 sslmode:disable]
I0915 13:33:04.909800   26229 env.go:672] [env]/Users/brien/urnetwork/vault/local/pg.yml[user] = br***ur
I0915 13:33:04.909821   26229 env.go:672] [env]/Users/brien/urnetwork/vault/local/pg.yml[password] = pi***ur
I0915 13:33:04.909837   26229 env.go:705] [env]lookup env var "BRINGYOUR_POSTGRES_HOSTNAME"
I0915 13:33:04.909844   26229 env.go:672] [env]/Users/brien/urnetwork/vault/local/pg.yml[authority] = 10***32
I0915 13:33:04.909855   26229 env.go:672] [env]/Users/brien/urnetwork/vault/local/pg.yml[db] = br***ur
I0915 13:33:04.918306   26229 env.go:770] [env]try /Users/brien/urnetwork/vault, [redis.yml]
I0915 13:33:04.918459   26229 env.go:770] [env]try /Users/brien/urnetwork/vault/local, [redis.yml]
I0915 13:33:04.918521   26229 env.go:770] [env]try /Users/brien/urnetwork/vault/all, [redis.yml]
I0915 13:33:04.918577   26229 env.go:770] [env]try /Users/brien/urnetwork/config, [redis.yml]
I0915 13:33:04.918618   26229 env.go:770] [env]try /Users/brien/urnetwork/config/local, [redis.yml]
I0915 13:33:04.918650   26229 env.go:770] [env]try /Users/brien/urnetwork/config/all, [redis.yml]
I0915 13:33:04.918763   26229 env.go:656] [env]/Users/brien/urnetwork/config/local/redis.yml[min_connections] = 4
I0915 13:33:04.918772   26229 env.go:656] [env]/Users/brien/urnetwork/config/local/redis.yml[max_connections] = 16
I0915 13:33:04.918823   26229 env.go:672] [env]/Users/brien/urnetwork/vault/local/redis.yml[authority] = 10***79
I0915 13:33:04.918838   26229 env.go:672] [env]/Users/brien/urnetwork/vault/local/redis.yml[password] = ***
I0915 13:33:04.918844   26229 env.go:640] [env]/Users/brien/urnetwork/vault/local/redis.yml[cluster] = false
I0915 13:33:04.918857   26229 env.go:672] [env]/Users/brien/urnetwork/vault/local/redis.yml[authority] = 10***79
I0915 13:33:04.918862   26229 env.go:656] [env]/Users/brien/urnetwork/vault/local/redis.yml[db] = 13
I0915 13:33:04.929019   26229 env.go:770] [env]try /Users/brien/urnetwork/vault, [pg.yml]
I0915 13:33:04.929178   26229 env.go:770] [env]try /Users/brien/urnetwork/vault/local, [pg.yml]
I0915 13:33:04.929242   26229 env.go:770] [env]try /Users/brien/urnetwork/vault/all, [pg.yml]
I0915 13:33:04.929309   26229 env.go:770] [env]try /Users/brien/urnetwork/vault, [pg_maintenance.yml]
I0915 13:33:04.929357   26229 env.go:770] [env]try /Users/brien/urnetwork/vault/local, [pg_maintenance.yml]
I0915 13:33:04.929406   26229 env.go:770] [env]try /Users/brien/urnetwork/vault/all, [pg_maintenance.yml]
I0915 13:33:04.929450   26229 env.go:770] [env]try /Users/brien/urnetwork/config, [db.yml]
I0915 13:33:04.929531   26229 env.go:770] [env]try /Users/brien/urnetwork/config/local, [db.yml]
I0915 13:33:04.929594   26229 env.go:770] [env]try /Users/brien/urnetwork/config/all, [db.yml]
I0915 13:33:04.929647   26229 env.go:770] [env]try /Users/brien/urnetwork/config, [db_maintenance.yml]
I0915 13:33:04.930423   26229 env.go:770] [env]try /Users/brien/urnetwork/config/local, [db_maintenance.yml]
I0915 13:33:04.930585   26229 env.go:770] [env]try /Users/brien/urnetwork/config/all, [db_maintenance.yml]
I0915 13:33:04.930721   26229 env.go:656] [env]/Users/brien/urnetwork/config/local/db.yml[min_connections] = 4
I0915 13:33:04.930739   26229 env.go:656] [env]/Users/brien/urnetwork/config/local/db.yml[max_connections] = 16
I0915 13:33:04.930751   26229 db.go:210] [db]options = map[connect_timeout:30 pool_health_check_period:1s pool_max_conn_idle_time:60m pool_max_conn_lifetime:8h pool_max_conn_lifetime_jitter:15m pool_max_conns:16 pool_min_conns:4 sslmode:disable]
I0915 13:33:04.930827   26229 env.go:672] [env]pg_maintenance.yml[user] = br***ur
I0915 13:33:04.930872   26229 env.go:672] [env]pg_maintenance.yml[password] = pi***ur
I0915 13:33:04.930896   26229 env.go:705] [env]lookup env var "BRINGYOUR_POSTGRES_HOSTNAME"
I0915 13:33:04.930905   26229 env.go:672] [env]pg_maintenance.yml[authority] = 10***32
I0915 13:33:04.930917   26229 env.go:672] [env]pg_maintenance.yml[db] = te***ae
I0915 13:33:06.198398   26229 env.go:770] [env]try /Users/brien/urnetwork/vault, [pg.yml]
I0915 13:33:06.198689   26229 env.go:770] [env]try /Users/brien/urnetwork/vault/local, [pg.yml]
I0915 13:33:06.198787   26229 env.go:770] [env]try /Users/brien/urnetwork/vault/all, [pg.yml]
I0915 13:33:06.198887   26229 env.go:770] [env]try /Users/brien/urnetwork/config, [db.yml]
I0915 13:33:06.198950   26229 env.go:770] [env]try /Users/brien/urnetwork/config/local, [db.yml]
I0915 13:33:06.199007   26229 env.go:770] [env]try /Users/brien/urnetwork/config/all, [db.yml]
I0915 13:33:06.199139   26229 env.go:656] [env]/Users/brien/urnetwork/config/local/db.yml[min_connections] = 4
I0915 13:33:06.199149   26229 env.go:656] [env]/Users/brien/urnetwork/config/local/db.yml[max_connections] = 16
I0915 13:33:06.199626   26229 db.go:210] [db]options = map[connect_timeout:30 pool_health_check_period:1s pool_max_conn_idle_time:60m pool_max_conn_lifetime:8h pool_max_conn_lifetime_jitter:15m pool_max_conns:16 pool_min_conns:4 sslmode:disable]
I0915 13:33:06.199720   26229 env.go:672] [env]/Users/brien/urnetwork/vault/local/pg.yml[user] = br***ur
I0915 13:33:06.199749   26229 env.go:672] [env]/Users/brien/urnetwork/vault/local/pg.yml[password] = pi***ur
I0915 13:33:06.199767   26229 env.go:705] [env]lookup env var "BRINGYOUR_POSTGRES_HOSTNAME"
I0915 13:33:06.199775   26229 env.go:672] [env]/Users/brien/urnetwork/vault/local/pg.yml[authority] = 10***32
I0915 13:33:06.199794   26229 env.go:672] [env]/Users/brien/urnetwork/vault/local/pg.yml[db] = te***ae
[progress]start TestConnect[h1]
[transport mode]h1
I0915 13:33:11.306063   26229 env.go:770] [env]try /Users/brien/urnetwork/config, [tls.yml]
I0915 13:33:11.306516   26229 env.go:770] [env]try /Users/brien/urnetwork/vault, [redis.yml]
I0915 13:33:11.307140   26229 env.go:770] [env]try /Users/brien/urnetwork/config/local, [tls.yml]
I0915 13:33:11.307380   26229 env.go:770] [env]try /Users/brien/urnetwork/vault/local, [redis.yml]
I0915 13:33:11.307459   26229 env.go:770] [env]try /Users/brien/urnetwork/config/all, [tls.yml]
I0915 13:33:11.307573   26229 env.go:770] [env]try /Users/brien/urnetwork/vault/all, [redis.yml]
I0915 13:33:11.307751   26229 env.go:640] [env]/Users/brien/urnetwork/vault/local/redis.yml[cluster] = false
I0915 13:33:11.307887   26229 env.go:656] [env]/Users/brien/urnetwork/vault/local/redis.yml[db] = 13
I0915 13:33:11.308093   26229 env.go:770] [env]try /Users/brien/urnetwork/config, [tls.yml]
I0915 13:33:11.308203   26229 env.go:770] [env]try /Users/brien/urnetwork/config/local, [tls.yml]
I0915 13:33:11.308207   26229 env.go:770] [env]try /Users/brien/urnetwork/vault, [redis.yml]
I0915 13:33:11.308251   26229 env.go:770] [env]try /Users/brien/urnetwork/config/all, [tls.yml]
I0915 13:33:11.308311   26229 env.go:770] [env]try /Users/brien/urnetwork/vault/local, [redis.yml]
I0915 13:33:11.308345   26229 transport.go:1785] [c]h3 listener up transport=h3 port=0 address=127.0.0.1:62168
I0915 13:33:11.308358   26229 transport.go:1785] [c]h3 listener up transport=h3dns port=0 address=127.0.0.1:56585
I0915 13:33:11.308382   26229 env.go:770] [env]try /Users/brien/urnetwork/vault/all, [redis.yml]
I0915 13:33:11.308463   26229 env.go:640] [env]/Users/brien/urnetwork/vault/local/redis.yml[cluster] = false
I0915 13:33:11.308476   26229 env.go:656] [env]/Users/brien/urnetwork/vault/local/redis.yml[db] = 13
I0915 13:33:11.308509   26229 transport.go:1785] [c]h3 listener up transport=h3 port=0 address=127.0.0.1:55332
I0915 13:33:11.308465   26229 transport.go:1785] [c]h3 listener up transport=h3dns port=0 address=127.0.0.1:65301
I0915 13:33:11.308533   26229 env.go:770] [env]try /Users/brien/urnetwork/config, [tls.yml]
I0915 13:33:11.308553   26229 env.go:770] [env]try /Users/brien/urnetwork/vault, [redis.yml]
I0915 13:33:11.308588   26229 env.go:770] [env]try /Users/brien/urnetwork/config/local, [tls.yml]
I0915 13:33:11.308610   26229 env.go:770] [env]try /Users/brien/urnetwork/vault/local, [redis.yml]
I0915 13:33:11.308626   26229 env.go:770] [env]try /Users/brien/urnetwork/config/all, [tls.yml]
I0915 13:33:11.308656   26229 env.go:770] [env]try /Users/brien/urnetwork/vault/all, [redis.yml]
I0915 13:33:11.308711   26229 env.go:640] [env]/Users/brien/urnetwork/vault/local/redis.yml[cluster] = false
I0915 13:33:11.308717   26229 env.go:656] [env]/Users/brien/urnetwork/vault/local/redis.yml[db] = 13
I0915 13:33:11.308764   26229 transport.go:1785] [c]h3 listener up transport=h3dns port=0 address=127.0.0.1:56611
I0915 13:33:11.308856   26229 transport.go:1785] [c]h3 listener up transport=h3 port=0 address=127.0.0.1:54008
I0915 13:33:11.308863   26229 env.go:770] [env]try /Users/brien/urnetwork/config, [tls.yml]
I0915 13:33:11.308901   26229 env.go:770] [env]try /Users/brien/urnetwork/config/local, [tls.yml]
I0915 13:33:11.308920   26229 env.go:770] [env]try /Users/brien/urnetwork/vault, [redis.yml]
I0915 13:33:11.308932   26229 env.go:770] [env]try /Users/brien/urnetwork/config/all, [tls.yml]
I0915 13:33:11.309018   26229 env.go:770] [env]try /Users/brien/urnetwork/vault/local, [redis.yml]
I0915 13:33:11.309101   26229 env.go:770] [env]try /Users/brien/urnetwork/vault/all, [redis.yml]
I0915 13:33:11.309209   26229 env.go:640] [env]/Users/brien/urnetwork/vault/local/redis.yml[cluster] = false
I0915 13:33:11.309218   26229 env.go:656] [env]/Users/brien/urnetwork/vault/local/redis.yml[db] = 13
I0915 13:33:11.309285   26229 transport.go:1785] [c]h3 listener up transport=h3dns port=0 address=127.0.0.1:50133
I0915 13:33:11.309402   26229 transport.go:1785] [c]h3 listener up transport=h3 port=0 address=127.0.0.1:54845
I0915 13:33:11.309541   26229 env.go:770] [env]try /Users/brien/urnetwork/config, [tls.yml]
I0915 13:33:11.309601   26229 env.go:770] [env]try /Users/brien/urnetwork/config/local, [tls.yml]
I0915 13:33:11.309609   26229 env.go:770] [env]try /Users/brien/urnetwork/vault, [redis.yml]
I0915 13:33:11.309632   26229 env.go:770] [env]try /Users/brien/urnetwork/config/all, [tls.yml]
I0915 13:33:11.309661   26229 env.go:770] [env]try /Users/brien/urnetwork/vault/local, [redis.yml]
I0915 13:33:11.309700   26229 env.go:770] [env]try /Users/brien/urnetwork/vault/all, [redis.yml]
I0915 13:33:11.309744   26229 env.go:640] [env]/Users/brien/urnetwork/vault/local/redis.yml[cluster] = false
I0915 13:33:11.309905   26229 env.go:770] [env]try /Users/brien/urnetwork/config, [tls.yml]
I0915 13:33:11.310042   26229 env.go:656] [env]/Users/brien/urnetwork/vault/local/redis.yml[db] = 13
I0915 13:33:11.310098   26229 env.go:770] [env]try /Users/brien/urnetwork/config/local, [tls.yml]
I0915 13:33:11.310146   26229 transport.go:1785] [c]h3 listener up transport=h3 port=0 address=127.0.0.1:55675
I0915 13:33:11.310173   26229 env.go:770] [env]try /Users/brien/urnetwork/config/all, [tls.yml]
I0915 13:33:11.310101   26229 transport.go:1785] [c]h3 listener up transport=h3dns port=0 address=127.0.0.1:49466
I0915 13:33:11.310213   26229 env.go:770] [env]try /Users/brien/urnetwork/vault, [redis.yml]
I0915 13:33:11.310320   26229 env.go:770] [env]try /Users/brien/urnetwork/vault/local, [redis.yml]
I0915 13:33:11.310391   26229 env.go:770] [env]try /Users/brien/urnetwork/vault/all, [redis.yml]
I0915 13:33:11.310455   26229 env.go:640] [env]/Users/brien/urnetwork/vault/local/redis.yml[cluster] = false
I0915 13:33:11.310463   26229 env.go:656] [env]/Users/brien/urnetwork/vault/local/redis.yml[db] = 13
I0915 13:33:11.310451   26229 transport.go:1785] [c]h3 listener up transport=h3dns port=0 address=127.0.0.1:58861
I0915 13:33:11.310457   26229 env.go:770] [env]try /Users/brien/urnetwork/config, [tls.yml]
I0915 13:33:11.310489   26229 transport.go:1785] [c]h3 listener up transport=h3 port=0 address=127.0.0.1:61794
I0915 13:33:11.310499   26229 env.go:770] [env]try /Users/brien/urnetwork/vault, [redis.yml]
I0915 13:33:11.310529   26229 env.go:770] [env]try /Users/brien/urnetwork/config/local, [tls.yml]
I0915 13:33:11.310586   26229 env.go:770] [env]try /Users/brien/urnetwork/config/all, [tls.yml]
I0915 13:33:11.310604   26229 env.go:770] [env]try /Users/brien/urnetwork/vault/local, [redis.yml]
I0915 13:33:11.310708   26229 env.go:770] [env]try /Users/brien/urnetwork/vault/all, [redis.yml]
I0915 13:33:11.310733   26229 transport.go:1785] [c]h3 listener up transport=h3dns port=0 address=127.0.0.1:64321
I0915 13:33:11.310768   26229 env.go:640] [env]/Users/brien/urnetwork/vault/local/redis.yml[cluster] = false
I0915 13:33:11.310774   26229 env.go:770] [env]try /Users/brien/urnetwork/config, [tls.yml]
I0915 13:33:11.310796   26229 transport.go:1785] [c]h3 listener up transport=h3 port=0 address=127.0.0.1:55617
I0915 13:33:11.310830   26229 env.go:770] [env]try /Users/brien/urnetwork/config/local, [tls.yml]
I0915 13:33:11.310862   26229 env.go:770] [env]try /Users/brien/urnetwork/vault, [redis.yml]
I0915 13:33:11.310937   26229 env.go:770] [env]try /Users/brien/urnetwork/vault/local, [redis.yml]
I0915 13:33:11.311002   26229 env.go:770] [env]try /Users/brien/urnetwork/vault/all, [redis.yml]
I0915 13:33:11.310866   26229 env.go:770] [env]try /Users/brien/urnetwork/config/all, [tls.yml]
I0915 13:33:11.311074   26229 env.go:640] [env]/Users/brien/urnetwork/vault/local/redis.yml[cluster] = false
I0915 13:33:11.311197   26229 env.go:656] [env]/Users/brien/urnetwork/vault/local/redis.yml[db] = 13
I0915 13:33:11.311219   26229 env.go:770] [env]try /Users/brien/urnetwork/config, [tls.yml]
I0915 13:33:11.311273   26229 env.go:770] [env]try /Users/brien/urnetwork/config/local, [tls.yml]
I0915 13:33:11.311314   26229 env.go:770] [env]try /Users/brien/urnetwork/config/all, [tls.yml]
I0915 13:33:11.311329   26229 transport.go:1785] [c]h3 listener up transport=h3dns port=0 address=127.0.0.1:59801
I0915 13:33:11.311378   26229 transport.go:1785] [c]h3 listener up transport=h3 port=0 address=127.0.0.1:53544
I0915 13:33:11.310775   26229 env.go:656] [env]/Users/brien/urnetwork/vault/local/redis.yml[db] = 13
I0915 13:33:11.311393   26229 env.go:770] [env]try /Users/brien/urnetwork/vault, [redis.yml]
I0915 13:33:11.311423   26229 transport.go:1785] [c]h3 listener up transport=h3dns port=0 address=127.0.0.1:60652
I0915 13:33:11.311470   26229 env.go:770] [env]try /Users/brien/urnetwork/config, [tls.yml]
I0915 13:33:11.311475   26229 transport.go:1785] [c]h3 listener up transport=h3 port=0 address=127.0.0.1:53146
I0915 13:33:11.311496   26229 env.go:770] [env]try /Users/brien/urnetwork/vault/local, [redis.yml]
I0915 13:33:11.311530   26229 env.go:770] [env]try /Users/brien/urnetwork/config/local, [tls.yml]
I0915 13:33:11.311540   26229 env.go:770] [env]try /Users/brien/urnetwork/vault, [redis.yml]
I0915 13:33:11.311608   26229 env.go:770] [env]try /Users/brien/urnetwork/config/all, [tls.yml]
I0915 13:33:11.311635   26229 env.go:770] [env]try /Users/brien/urnetwork/vault/local, [redis.yml]
I0915 13:33:11.311640   26229 env.go:770] [env]try /Users/brien/urnetwork/vault/all, [redis.yml]
I0915 13:33:11.311682   26229 env.go:770] [env]try /Users/brien/urnetwork/vault/all, [redis.yml]
I0915 13:33:11.311726   26229 env.go:640] [env]/Users/brien/urnetwork/vault/local/redis.yml[cluster] = false
I0915 13:33:11.311741   26229 env.go:656] [env]/Users/brien/urnetwork/vault/local/redis.yml[db] = 13
I0915 13:33:11.311780   26229 transport.go:1785] [c]h3 listener up transport=h3 port=0 address=127.0.0.1:56276
I0915 13:33:11.311901   26229 transport.go:1785] [c]h3 listener up transport=h3dns port=0 address=127.0.0.1:58509
I0915 13:33:11.311742   26229 env.go:640] [env]/Users/brien/urnetwork/vault/local/redis.yml[cluster] = false
I0915 13:33:11.311949   26229 env.go:656] [env]/Users/brien/urnetwork/vault/local/redis.yml[db] = 13
I0915 13:33:11.442336   26229 network_client_controller.go:306] [ncc][01a0a658-2bf3-4474-3c7e-1355d1fda299]could not find client location. err = Unknown location type.
I0915 13:33:11.446473   26229 network_client_controller.go:306] [ncc][01a0a658-2bf8-f037-1291-4d4533d64482]could not find client location. err = Unknown location type.
[progress][1kib] burstSize=1 b=0
pause
unpause
new transport a
new transport a
new transport a
new transport a
new transport a
new transport a
unpause
I0915 13:33:12.086208   26229 network_client_controller.go:306] [ncc][01a0a658-2e81-ab43-2fe7-1a87161e9cde]could not find client location. err = Unknown location type.
pause
unpause
new transport b
new transport b
new transport b
new transport b
new transport b
new transport b
unpause
I0915 13:33:12.260785   26229 network_client_controller.go:306] [ncc][01a0a658-2f40-3eb6-637e-2822b2a25ba7]could not find client location. err = Unknown location type.
[progress][1kib] burstSize=1 b=1
pause
unpause
new transport a
new transport a
new transport a
new transport a
new transport a
new transport a
unpause
I0915 13:33:12.481590   26229 network_client_controller.go:306] [ncc][01a0a658-301d-75be-a2c0-372bb03990fe]could not find client location. err = Unknown location type.
pause
unpause
new transport b
new transport b
new transport b
new transport b
new transport b
new transport b
I0915 13:33:13.072883   26229 network_client_controller.go:306] [ncc][01a0a658-326c-e098-23d2-0d922d6fe029]could not find client location. err = Unknown location type.
unpause
[progress][1kib] burstSize=2 b=0
pause
unpause
new transport a
new transport a
new transport a
new transport a
new transport a
new transport a
unpause
pause
I0915 13:33:13.328619   26229 network_client_controller.go:306] [ncc][01a0a658-336a-979e-a5bd-c9b81ff7ef65]could not find client location. err = Unknown location type.
unpause
pause
unpause
new transport b
new transport b
new transport b
new transport b
new transport b
new transport b
unpause
pause
I0915 13:33:13.670540   26229 network_client_controller.go:306] [ncc][01a0a658-34c2-45b1-7f3a-e704f16542cd]could not find client location. err = Unknown location type.
unpause
[progress][1kib] burstSize=2 b=1
pause
unpause
new transport a
new transport a
new transport a
new transport a
new transport a
new transport a
unpause
pause
I0915 13:33:14.092263   26229 network_client_controller.go:306] [ncc][01a0a658-3656-9a50-2152-370d30af4b42]could not find client location. err = Unknown location type.
unpause
pause
I0915 13:33:14.176498   26229 network_client_controller.go:306] [ncc][01a0a658-36bb-5b7f-719e-a0c4732396b7]could not find client location. err = Unknown location type.
unpause
new transport b
new transport b
new transport b
new transport b
new transport b
new transport b
unpause
pause
I0915 13:33:14.367790   26229 network_client_controller.go:306] [ncc][01a0a658-3779-dab7-5427-fec5669f94b2]could not find client location. err = Unknown location type.
unpause
[progress][1kib] burstSize=3 b=0
pause
I0915 13:33:14.602656   26229 network_client_controller.go:306] [ncc][01a0a658-3866-9c0b-f185-7ec95029ea4d]could not find client location. err = Unknown location type.
unpause
new transport a
new transport a
new transport a
new transport a
new transport a
new transport a
unpause
pause
I0915 13:33:14.615553   26229 network_client_controller.go:306] [ncc][01a0a658-3872-ef61-0cde-4cd1f9e096f3]could not find client location. err = Unknown location type.
unpause
unpause
pause
I0915 13:33:14.858316   26229 network_client_controller.go:306] [ncc][01a0a658-3966-33d5-54a0-b86fd244b440]could not find client location. err = Unknown location type.
unpause
new transport b
new transport b
new transport b
new transport b
new transport b
new transport b
unpause
pause
I0915 13:33:15.483088   26229 network_client_controller.go:306] [ncc][01a0a658-3bd6-eca3-073a-e8f8dfebe9c9]could not find client location. err = Unknown location type.
I0915 13:33:15.489454   26229 network_client_controller.go:306] [ncc][01a0a658-3bdd-5769-7bbd-f305bcbc2006]could not find client location. err = Unknown location type.
unpause
unpause
[progress][1kib] burstSize=3 b=1
pause
unpause
new transport a
new transport a
new transport a
new transport a
new transport a
new transport a
I0915 13:33:15.808091   26229 network_client_controller.go:306] [ncc][01a0a658-3d1b-b84d-ef75-24cd0676d9bc]could not find client location. err = Unknown location type.
unpause
pause
I0915 13:33:15.888571   26229 network_client_controller.go:306] [ncc][01a0a658-3d6b-75be-430e-dccbfae5783a]could not find client location. err = Unknown location type.
unpause
unpause
pause
unpause
new transport b
new transport b
new transport b
new transport b
new transport b
new transport b
unpause
pause
I0915 13:33:16.260147   26229 network_client_controller.go:306] [ncc][01a0a658-3edf-c3be-3522-1f129aaab41d]could not find client location. err = Unknown location type.
unpause
unpause
[progress][1kib] burstSize=4 b=0
pause
unpause
new transport a
new transport a
new transport a
new transport a
new transport a
new transport a
unpause
unpause
pause
I0915 13:33:16.522249   26229 network_client_controller.go:306] [ncc][01a0a658-3fe6-74ff-c239-cd13f5c77008]could not find client location. err = Unknown location type.
unpause
unpause
pause
unpause
new transport b
new transport b
new transport b
new transport b
new transport b
new transport b
unpause
unpause
pause
I0915 13:33:16.956281   26229 network_client_controller.go:306] [ncc][01a0a658-4198-b058-838f-adf4ecdb7e03]could not find client location. err = Unknown location type.
unpause
unpause
[progress][1kib] burstSize=4 b=1
pause
unpause
new transport a
new transport a
new transport a
new transport a
new transport a
new transport a
unpause
unpause
pause
I0915 13:33:17.444840   26229 network_client_controller.go:306] [ncc][01a0a658-4380-0d1f-8fbe-d2f2f56aa289]could not find client location. err = Unknown location type.
I0915 13:33:17.516562   26229 network_client_controller.go:306] [ncc][01a0a658-43c9-200e-934c-908317855d35]could not find client location. err = Unknown location type.
unpause
unpause
pause
unpause
new transport b
new transport b
new transport b
new transport b
new transport b
new transport b
I0915 13:33:18.050243   26229 network_client_controller.go:306] [ncc][01a0a658-45dd-904a-bdeb-a8d21cbce4ab]could not find client location. err = Unknown location type.
unpause
unpause
pause
unpause
unpause
[progress][1kib] burstSize=5 b=0
pause
unpause
new transport a
new transport a
new transport a
new transport a
new transport a
new transport a
unpause
unpause
pause
I0915 13:33:18.262467   26229 network_client_controller.go:306] [ncc][01a0a658-46b2-4fb6-4fe8-465d408cc345]could not find client location. err = Unknown location type.
I0915 13:33:18.341511   26229 network_client_controller.go:306] [ncc][01a0a658-4701-9d4a-a7d3-21e77f0474de]could not find client location. err = Unknown location type.
unpause
unpause
unpause
pause
unpause
new transport b
new transport b
new transport b
new transport b
new transport b
new transport b
unpause
unpause
pause
I0915 13:33:18.900591   26229 network_client_controller.go:306] [ncc][01a0a658-4930-e17b-07e7-569ca49bceb2]could not find client location. err = Unknown location type.
unpause
unpause
unpause
[progress][1kib] burstSize=5 b=1
pause
unpause
new transport a
new transport a
new transport a
new transport a
new transport a
new transport a
unpause
unpause
pause
I0915 13:33:19.120218   26229 network_client_controller.go:306] [ncc][01a0a658-4a0c-8cd1-6100-dc115490dfb8]could not find client location. err = Unknown location type.
unpause
unpause
unpause
pause
unpause
new transport b
new transport b
new transport b
new transport b
new transport b
new transport b
I0915 13:33:19.325659   26229 network_client_controller.go:306] [ncc][01a0a658-4ad9-60b0-618b-c910b83da7be]could not find client location. err = Unknown location type.
unpause
unpause
pause
unpause
unpause
unpause
[progress][1kib] burstSize=6 b=0
pause
I0915 13:33:19.570637   26229 network_client_controller.go:306] [ncc][01a0a658-4bcf-3c21-e3aa-b244c30aea7c]could not find client location. err = Unknown location type.
unpause
new transport a
new transport a
new transport a
new transport a
new transport a
new transport a
unpause
unpause
unpause
pause
I0915 13:33:20.018076   26229 network_client_controller.go:306] [ncc][01a0a658-4d8e-1d38-2777-aaeba74b6070]could not find client location. err = Unknown location type.
I0915 13:33:20.047183   26229 network_client_controller.go:306] [ncc][01a0a658-4da9-d28d-8956-06eeb12434f0]could not find client location. err = Unknown location type.
unpause
unpause
unpause
pause
unpause
new transport b
new transport b
new transport b
new transport b
new transport b
new transport b
unpause
unpause
unpause
pause
I0915 13:33:20.364673   26229 network_client_controller.go:306] [ncc][01a0a658-4ee4-3257-2eff-8e117177d57f]could not find client location. err = Unknown location type.
unpause
unpause
unpause
[progress][1kib] burstSize=6 b=1
pause
unpause
new transport a
new transport a
new transport a
new transport a
new transport a
new transport a
unpause
unpause
unpause
pause
I0915 13:33:20.735943   26229 network_client_controller.go:306] [ncc][01a0a658-505b-15db-cfdd-c4109934afa3]could not find client location. err = Unknown location type.
unpause
unpause
unpause
pause
I0915 13:33:21.048423   26229 network_client_controller.go:306] [ncc][01a0a658-5193-3201-0ea5-473f7ad01b8d]could not find client location. err = Unknown location type.
unpause
new transport b
new transport b
new transport b
new transport b
new transport b
new transport b
unpause
unpause
unpause
pause
I0915 13:33:21.117658   26229 network_client_controller.go:306] [ncc][01a0a658-51d9-9d6d-c52b-ff8f44f2df12]could not find client location. err = Unknown location type.
I0915 13:33:21.236918   26229 network_client_controller.go:306] [ncc][01a0a658-5251-6172-f14d-7a32f6b42500]could not find client location. err = Unknown location type.
unpause
unpause
unpause
I0915 13:33:21.395313   26229 network_client_controller.go:306] [ncc][01a0a658-52ef-6259-4185-adab0e5a1adb]could not find client location. err = Unknown location type.
I0915 13:33:21.672233   26229 network_client_controller.go:306] [ncc][01a0a658-5405-f866-2f68-7f53d2d6a4c2]could not find client location. err = Unknown location type.
I0915 13:33:21.823326   26229 network_client_controller.go:306] [ncc][01a0a658-549b-34af-6346-9f305b8fa8ad]could not find client location. err = Unknown location type.
I0915 13:33:22.064543   26229 network_client_controller.go:306] [ncc][01a0a658-558c-f753-8989-118709ebf7bb]could not find client location. err = Unknown location type.
I0915 13:33:22.214796   26229 network_client_controller.go:306] [ncc][01a0a658-5623-6ef4-56f1-fa9809be218c]could not find client location. err = Unknown location type.
I0915 13:33:22.304278   26229 network_client_controller.go:306] [ncc][01a0a658-567d-a014-350c-14e76e7ffce2]could not find client location. err = Unknown location type.
I0915 13:33:22.994348   26229 network_client_controller.go:306] [ncc][01a0a658-592e-4d4c-7fc8-fa64e22cca03]could not find client location. err = Unknown location type.
I0915 13:33:23.145511   26229 network_client_controller.go:306] [ncc][01a0a658-59c5-e0d6-162a-9bb83309d59c]could not find client location. err = Unknown location type.
Net nack dropped bytes = 0
I0915 13:33:31.382862   26229 env.go:770] [env]try /Users/brien/urnetwork/vault, [pg.yml]
I0915 13:33:31.384098   26229 env.go:770] [env]try /Users/brien/urnetwork/vault/local, [pg.yml]
I0915 13:33:31.384473   26229 env.go:770] [env]try /Users/brien/urnetwork/vault/all, [pg.yml]
I0915 13:33:31.384696   26229 env.go:770] [env]try /Users/brien/urnetwork/config, [db.yml]
I0915 13:33:31.385549   26229 env.go:770] [env]try /Users/brien/urnetwork/config/local, [db.yml]
I0915 13:33:31.385936   26229 env.go:770] [env]try /Users/brien/urnetwork/config/all, [db.yml]
I0915 13:33:31.386481   26229 env.go:656] [env]/Users/brien/urnetwork/config/local/db.yml[min_connections] = 4
I0915 13:33:31.386495   26229 env.go:656] [env]/Users/brien/urnetwork/config/local/db.yml[max_connections] = 16
I0915 13:33:31.386504   26229 db.go:210] [db]options = map[connect_timeout:30 pool_health_check_period:1s pool_max_conn_idle_time:60m pool_max_conn_lifetime:8h pool_max_conn_lifetime_jitter:15m pool_max_conns:16 pool_min_conns:4 sslmode:disable]
I0915 13:33:31.386718   26229 env.go:672] [env]/Users/brien/urnetwork/vault/local/pg.yml[user] = br***ur
I0915 13:33:31.386736   26229 env.go:672] [env]/Users/brien/urnetwork/vault/local/pg.yml[password] = pi***ur
I0915 13:33:31.386754   26229 env.go:705] [env]lookup env var "BRINGYOUR_POSTGRES_HOSTNAME"
I0915 13:33:31.386761   26229 env.go:672] [env]/Users/brien/urnetwork/vault/local/pg.yml[authority] = 10***32
I0915 13:33:31.386772   26229 env.go:672] [env]/Users/brien/urnetwork/vault/local/pg.yml[db] = br***ur
--- PASS: TestConnectH1 (26.57s)
=== RUN   TestConnectH3
I0915 13:33:31.431120   26229 env.go:770] [env]try /Users/brien/urnetwork/vault, [pg.yml]
I0915 13:33:31.431240   26229 env.go:770] [env]try /Users/brien/urnetwork/vault/local, [pg.yml]
I0915 13:33:31.431309   26229 env.go:770] [env]try /Users/brien/urnetwork/vault/all, [pg.yml]
I0915 13:33:31.431369   26229 env.go:770] [env]try /Users/brien/urnetwork/vault, [redis.yml]
I0915 13:33:31.431417   26229 env.go:770] [env]try /Users/brien/urnetwork/vault/local, [redis.yml]
I0915 13:33:31.431482   26229 env.go:770] [env]try /Users/brien/urnetwork/vault/all, [redis.yml]
I0915 13:33:31.431549   26229 env.go:770] [env]try /Users/brien/urnetwork/config, [db.yml]
I0915 13:33:31.431607   26229 env.go:770] [env]try /Users/brien/urnetwork/config/local, [db.yml]
I0915 13:33:31.431653   26229 env.go:770] [env]try /Users/brien/urnetwork/config/all, [db.yml]
I0915 13:33:31.431710   26229 env.go:770] [env]try /Users/brien/urnetwork/config, [redis.yml]
I0915 13:33:31.431755   26229 env.go:770] [env]try /Users/brien/urnetwork/config/local, [redis.yml]
I0915 13:33:31.431790   26229 env.go:770] [env]try /Users/brien/urnetwork/config/all, [redis.yml]
I0915 13:33:31.431924   26229 env.go:705] [env]lookup env var "BRINGYOUR_POSTGRES_HOSTNAME"
I0915 13:33:31.431942   26229 env.go:672] [env]/Users/brien/urnetwork/vault/local/pg.yml[authority] = 10***32
I0915 13:33:31.431964   26229 env.go:672] [env]/Users/brien/urnetwork/vault/local/pg.yml[user] = br***ur
I0915 13:33:31.431976   26229 env.go:672] [env]/Users/brien/urnetwork/vault/local/pg.yml[password] = pi***ur
I0915 13:33:31.431991   26229 env.go:672] [env]/Users/brien/urnetwork/vault/local/pg.yml[db] = br***ur
I0915 13:33:31.432464   26229 env.go:705] [env]lookup env var "BRINGYOUR_REDIS_HOSTNAME"
I0915 13:33:31.432509   26229 env.go:672] [env]/Users/brien/urnetwork/vault/local/redis.yml[authority] = 10***79
I0915 13:33:31.432535   26229 env.go:672] [env]/Users/brien/urnetwork/vault/local/redis.yml[password] = ***
I0915 13:33:31.432543   26229 env.go:656] [env]/Users/brien/urnetwork/vault/local/redis.yml[db] = 0
I0915 13:33:31.432549   26229 env.go:640] [env]/Users/brien/urnetwork/vault/local/redis.yml[cluster] = false
I0915 13:33:31.432907   26229 env.go:656] [env]/Users/brien/urnetwork/config/local/db.yml[min_connections] = 4
I0915 13:33:31.432928   26229 env.go:656] [env]/Users/brien/urnetwork/config/local/db.yml[max_connections] = 16
I0915 13:33:31.433216   26229 env.go:656] [env]/Users/brien/urnetwork/config/local/redis.yml[min_connections] = 4
I0915 13:33:31.433234   26229 env.go:656] [env]/Users/brien/urnetwork/config/local/redis.yml[max_connections] = 16
I0915 13:33:31.446811   26229 env.go:770] [env]try /Users/brien/urnetwork/vault, [pg.yml]
I0915 13:33:31.446978   26229 env.go:770] [env]try /Users/brien/urnetwork/vault/local, [pg.yml]
I0915 13:33:31.447034   26229 env.go:770] [env]try /Users/brien/urnetwork/vault/all, [pg.yml]
I0915 13:33:31.447134   26229 env.go:770] [env]try /Users/brien/urnetwork/vault, [pg_maintenance.yml]
I0915 13:33:31.447207   26229 env.go:770] [env]try /Users/brien/urnetwork/vault/local, [pg_maintenance.yml]
I0915 13:33:31.447319   26229 env.go:770] [env]try /Users/brien/urnetwork/vault/all, [pg_maintenance.yml]
I0915 13:33:31.447397   26229 env.go:770] [env]try /Users/brien/urnetwork/vault, [redis.yml]
I0915 13:33:31.447444   26229 env.go:770] [env]try /Users/brien/urnetwork/vault/local, [redis.yml]
I0915 13:33:31.447490   26229 env.go:770] [env]try /Users/brien/urnetwork/vault/all, [redis.yml]
I0915 13:33:31.447594   26229 env.go:705] [env]lookup env var "BRINGYOUR_REDIS_HOSTNAME"
I0915 13:33:31.447604   26229 env.go:672] [env]/Users/brien/urnetwork/vault/local/redis.yml[authority] = 10***79
I0915 13:33:31.447622   26229 env.go:672] [env]/Users/brien/urnetwork/vault/local/redis.yml[password] = ***
I0915 13:33:31.447629   26229 env.go:656] [env]/Users/brien/urnetwork/vault/local/redis.yml[db] = 0
I0915 13:33:31.447635   26229 env.go:640] [env]/Users/brien/urnetwork/vault/local/redis.yml[cluster] = false
I0915 13:33:31.494823   26229 env.go:770] [env]try /Users/brien/urnetwork/vault, [pg.yml]
I0915 13:33:31.494973   26229 env.go:770] [env]try /Users/brien/urnetwork/vault/local, [pg.yml]
I0915 13:33:31.495025   26229 env.go:770] [env]try /Users/brien/urnetwork/vault/all, [pg.yml]
I0915 13:33:31.495069   26229 env.go:770] [env]try /Users/brien/urnetwork/vault, [pg_maintenance.yml]
I0915 13:33:31.495107   26229 env.go:770] [env]try /Users/brien/urnetwork/vault/local, [pg_maintenance.yml]
I0915 13:33:31.495149   26229 env.go:770] [env]try /Users/brien/urnetwork/vault/all, [pg_maintenance.yml]
I0915 13:33:31.495194   26229 env.go:770] [env]try /Users/brien/urnetwork/config, [db.yml]
I0915 13:33:31.495229   26229 env.go:770] [env]try /Users/brien/urnetwork/config/local, [db.yml]
I0915 13:33:31.495261   26229 env.go:770] [env]try /Users/brien/urnetwork/config/all, [db.yml]
I0915 13:33:31.495302   26229 env.go:770] [env]try /Users/brien/urnetwork/config, [db_maintenance.yml]
I0915 13:33:31.495347   26229 env.go:770] [env]try /Users/brien/urnetwork/config/local, [db_maintenance.yml]
I0915 13:33:31.495377   26229 env.go:770] [env]try /Users/brien/urnetwork/config/all, [db_maintenance.yml]
I0915 13:33:31.495471   26229 env.go:656] [env]/Users/brien/urnetwork/config/local/db.yml[min_connections] = 4
I0915 13:33:31.495480   26229 env.go:656] [env]/Users/brien/urnetwork/config/local/db.yml[max_connections] = 16
I0915 13:33:31.495488   26229 db.go:210] [db]options = map[connect_timeout:30 pool_health_check_period:1s pool_max_conn_idle_time:60m pool_max_conn_lifetime:8h pool_max_conn_lifetime_jitter:15m pool_max_conns:16 pool_min_conns:4 sslmode:disable]
I0915 13:33:31.495559   26229 env.go:672] [env]/Users/brien/urnetwork/vault/local/pg.yml[user] = br***ur
I0915 13:33:31.495573   26229 env.go:672] [env]/Users/brien/urnetwork/vault/local/pg.yml[password] = pi***ur
I0915 13:33:31.495586   26229 env.go:705] [env]lookup env var "BRINGYOUR_POSTGRES_HOSTNAME"
I0915 13:33:31.495592   26229 env.go:672] [env]/Users/brien/urnetwork/vault/local/pg.yml[authority] = 10***32
I0915 13:33:31.495602   26229 env.go:672] [env]/Users/brien/urnetwork/vault/local/pg.yml[db] = br***ur
I0915 13:33:31.505302   26229 env.go:770] [env]try /Users/brien/urnetwork/vault, [redis.yml]
I0915 13:33:31.505447   26229 env.go:770] [env]try /Users/brien/urnetwork/vault/local, [redis.yml]
I0915 13:33:31.505509   26229 env.go:770] [env]try /Users/brien/urnetwork/vault/all, [redis.yml]
I0915 13:33:31.505564   26229 env.go:770] [env]try /Users/brien/urnetwork/config, [redis.yml]
I0915 13:33:31.505612   26229 env.go:770] [env]try /Users/brien/urnetwork/config/local, [redis.yml]
I0915 13:33:31.505665   26229 env.go:770] [env]try /Users/brien/urnetwork/config/all, [redis.yml]
I0915 13:33:31.505778   26229 env.go:656] [env]/Users/brien/urnetwork/config/local/redis.yml[min_connections] = 4
I0915 13:33:31.505794   26229 env.go:656] [env]/Users/brien/urnetwork/config/local/redis.yml[max_connections] = 16
I0915 13:33:31.505841   26229 env.go:672] [env]/Users/brien/urnetwork/vault/local/redis.yml[authority] = 10***79
I0915 13:33:31.505864   26229 env.go:672] [env]/Users/brien/urnetwork/vault/local/redis.yml[password] = ***
I0915 13:33:31.505874   26229 env.go:640] [env]/Users/brien/urnetwork/vault/local/redis.yml[cluster] = false
I0915 13:33:31.505893   26229 env.go:672] [env]/Users/brien/urnetwork/vault/local/redis.yml[authority] = 10***79
I0915 13:33:31.505900   26229 env.go:656] [env]/Users/brien/urnetwork/vault/local/redis.yml[db] = 12
I0915 13:33:31.514046   26229 env.go:770] [env]try /Users/brien/urnetwork/vault, [pg.yml]
I0915 13:33:31.514334   26229 env.go:770] [env]try /Users/brien/urnetwork/vault/local, [pg.yml]
I0915 13:33:31.514422   26229 env.go:770] [env]try /Users/brien/urnetwork/vault/all, [pg.yml]
I0915 13:33:31.514602   26229 env.go:770] [env]try /Users/brien/urnetwork/vault, [pg_maintenance.yml]
I0915 13:33:31.514696   26229 env.go:770] [env]try /Users/brien/urnetwork/vault/local, [pg_maintenance.yml]
I0915 13:33:31.514776   26229 env.go:770] [env]try /Users/brien/urnetwork/vault/all, [pg_maintenance.yml]
I0915 13:33:31.514857   26229 env.go:770] [env]try /Users/brien/urnetwork/config, [db.yml]
I0915 13:33:31.514903   26229 env.go:770] [env]try /Users/brien/urnetwork/config/local, [db.yml]
I0915 13:33:31.514938   26229 env.go:770] [env]try /Users/brien/urnetwork/config/all, [db.yml]
I0915 13:33:31.514985   26229 env.go:770] [env]try /Users/brien/urnetwork/config, [db_maintenance.yml]
I0915 13:33:31.515035   26229 env.go:770] [env]try /Users/brien/urnetwork/config/local, [db_maintenance.yml]
I0915 13:33:31.515080   26229 env.go:770] [env]try /Users/brien/urnetwork/config/all, [db_maintenance.yml]
I0915 13:33:31.515200   26229 env.go:656] [env]/Users/brien/urnetwork/config/local/db.yml[min_connections] = 4
I0915 13:33:31.515217   26229 env.go:656] [env]/Users/brien/urnetwork/config/local/db.yml[max_connections] = 16
I0915 13:33:31.515231   26229 db.go:210] [db]options = map[connect_timeout:30 pool_health_check_period:1s pool_max_conn_idle_time:60m pool_max_conn_lifetime:8h pool_max_conn_lifetime_jitter:15m pool_max_conns:16 pool_min_conns:4 sslmode:disable]
I0915 13:33:31.515287   26229 env.go:672] [env]pg_maintenance.yml[user] = br***ur
I0915 13:33:31.515304   26229 env.go:672] [env]pg_maintenance.yml[password] = pi***ur
I0915 13:33:31.515322   26229 env.go:705] [env]lookup env var "BRINGYOUR_POSTGRES_HOSTNAME"
I0915 13:33:31.515333   26229 env.go:672] [env]pg_maintenance.yml[authority] = 10***32
I0915 13:33:31.515349   26229 env.go:672] [env]pg_maintenance.yml[db] = te***8a
I0915 13:33:33.124967   26229 env.go:770] [env]try /Users/brien/urnetwork/vault, [pg.yml]
I0915 13:33:33.126085   26229 env.go:770] [env]try /Users/brien/urnetwork/vault/local, [pg.yml]
I0915 13:33:33.126548   26229 env.go:770] [env]try /Users/brien/urnetwork/vault/all, [pg.yml]
I0915 13:33:33.126837   26229 env.go:770] [env]try /Users/brien/urnetwork/config, [db.yml]
I0915 13:33:33.127810   26229 env.go:770] [env]try /Users/brien/urnetwork/config/local, [db.yml]
I0915 13:33:33.128446   26229 env.go:770] [env]try /Users/brien/urnetwork/config/all, [db.yml]
I0915 13:33:33.129130   26229 env.go:656] [env]/Users/brien/urnetwork/config/local/db.yml[min_connections] = 4
I0915 13:33:33.129177   26229 env.go:656] [env]/Users/brien/urnetwork/config/local/db.yml[max_connections] = 16
I0915 13:33:33.129188   26229 db.go:210] [db]options = map[connect_timeout:30 pool_health_check_period:1s pool_max_conn_idle_time:60m pool_max_conn_lifetime:8h pool_max_conn_lifetime_jitter:15m pool_max_conns:16 pool_min_conns:4 sslmode:disable]
I0915 13:33:33.129246   26229 env.go:672] [env]/Users/brien/urnetwork/vault/local/pg.yml[user] = br***ur
I0915 13:33:33.129259   26229 env.go:672] [env]/Users/brien/urnetwork/vault/local/pg.yml[password] = pi***ur
I0915 13:33:33.129283   26229 env.go:705] [env]lookup env var "BRINGYOUR_POSTGRES_HOSTNAME"
I0915 13:33:33.129290   26229 env.go:672] [env]/Users/brien/urnetwork/vault/local/pg.yml[authority] = 10***32
I0915 13:33:33.129302   26229 env.go:672] [env]/Users/brien/urnetwork/vault/local/pg.yml[db] = te***8a
[progress]start TestConnect[h3]
[transport mode]h3
I0915 13:33:42.171155   26229 env.go:770] [env]try /Users/brien/urnetwork/config, [tls.yml]
I0915 13:33:42.171487   26229 env.go:770] [env]try /Users/brien/urnetwork/vault, [redis.yml]
I0915 13:33:42.172062   26229 env.go:770] [env]try /Users/brien/urnetwork/config/local, [tls.yml]
I0915 13:33:42.172222   26229 env.go:770] [env]try /Users/brien/urnetwork/vault/local, [redis.yml]
I0915 13:33:42.172349   26229 env.go:770] [env]try /Users/brien/urnetwork/config/all, [tls.yml]
I0915 13:33:42.172427   26229 env.go:770] [env]try /Users/brien/urnetwork/vault/all, [redis.yml]
I0915 13:33:42.172646   26229 env.go:640] [env]/Users/brien/urnetwork/vault/local/redis.yml[cluster] = false
I0915 13:33:42.172659   26229 env.go:656] [env]/Users/brien/urnetwork/vault/local/redis.yml[db] = 12
I0915 13:33:42.173262   26229 transport.go:1785] [c]h3 listener up transport=h3dns port=0 address=127.0.0.1:64531
I0915 13:33:42.173360   26229 transport.go:1785] [c]h3 listener up transport=h3 port=0 address=127.0.0.1:64122
I0915 13:33:42.173493   26229 env.go:770] [env]try /Users/brien/urnetwork/config, [tls.yml]
I0915 13:33:42.173536   26229 env.go:770] [env]try /Users/brien/urnetwork/vault, [redis.yml]
I0915 13:33:42.173581   26229 env.go:770] [env]try /Users/brien/urnetwork/config/local, [tls.yml]
I0915 13:33:42.173680   26229 env.go:770] [env]try /Users/brien/urnetwork/config/all, [tls.yml]
I0915 13:33:42.173739   26229 env.go:770] [env]try /Users/brien/urnetwork/vault/local, [redis.yml]
I0915 13:33:42.173809   26229 transport.go:1785] [c]h3 listener up transport=h3dns port=0 address=127.0.0.1:55333
I0915 13:33:42.173826   26229 env.go:770] [env]try /Users/brien/urnetwork/vault/all, [redis.yml]
I0915 13:33:42.173848   26229 transport.go:1785] [c]h3 listener up transport=h3 port=0 address=127.0.0.1:64888
I0915 13:33:42.173880   26229 env.go:770] [env]try /Users/brien/urnetwork/config, [tls.yml]
I0915 13:33:42.173896   26229 env.go:770] [env]try /Users/brien/urnetwork/vault, [redis.yml]
I0915 13:33:42.173910   26229 env.go:640] [env]/Users/brien/urnetwork/vault/local/redis.yml[cluster] = false
I0915 13:33:42.173918   26229 env.go:656] [env]/Users/brien/urnetwork/vault/local/redis.yml[db] = 12
I0915 13:33:42.173922   26229 env.go:770] [env]try /Users/brien/urnetwork/config/local, [tls.yml]
I0915 13:33:42.173957   26229 env.go:770] [env]try /Users/brien/urnetwork/config/all, [tls.yml]
I0915 13:33:42.173967   26229 env.go:770] [env]try /Users/brien/urnetwork/vault/local, [redis.yml]
I0915 13:33:42.174026   26229 env.go:770] [env]try /Users/brien/urnetwork/vault/all, [redis.yml]
I0915 13:33:42.174075   26229 transport.go:1785] [c]h3 listener up transport=h3dns port=0 address=127.0.0.1:62440
I0915 13:33:42.174085   26229 env.go:640] [env]/Users/brien/urnetwork/vault/local/redis.yml[cluster] = false
I0915 13:33:42.174095   26229 env.go:656] [env]/Users/brien/urnetwork/vault/local/redis.yml[db] = 12
I0915 13:33:42.174121   26229 env.go:770] [env]try /Users/brien/urnetwork/config, [tls.yml]
I0915 13:33:42.174132   26229 transport.go:1785] [c]h3 listener up transport=h3 port=0 address=127.0.0.1:61395
I0915 13:33:42.174145   26229 env.go:770] [env]try /Users/brien/urnetwork/vault, [redis.yml]
I0915 13:33:42.174183   26229 env.go:770] [env]try /Users/brien/urnetwork/config/local, [tls.yml]
I0915 13:33:42.174203   26229 env.go:770] [env]try /Users/brien/urnetwork/vault/local, [redis.yml]
I0915 13:33:42.174219   26229 env.go:770] [env]try /Users/brien/urnetwork/config/all, [tls.yml]
I0915 13:33:42.174244   26229 env.go:770] [env]try /Users/brien/urnetwork/vault/all, [redis.yml]
I0915 13:33:42.174287   26229 env.go:640] [env]/Users/brien/urnetwork/vault/local/redis.yml[cluster] = false
I0915 13:33:42.174294   26229 env.go:656] [env]/Users/brien/urnetwork/vault/local/redis.yml[db] = 12
I0915 13:33:42.174528   26229 transport.go:1785] [c]h3 listener up transport=h3dns port=0 address=127.0.0.1:53204
I0915 13:33:42.174569   26229 env.go:770] [env]try /Users/brien/urnetwork/config, [tls.yml]
I0915 13:33:42.174608   26229 env.go:770] [env]try /Users/brien/urnetwork/config/local, [tls.yml]
I0915 13:33:42.174610   26229 env.go:770] [env]try /Users/brien/urnetwork/vault, [redis.yml]
I0915 13:33:42.174644   26229 env.go:770] [env]try /Users/brien/urnetwork/config/all, [tls.yml]
I0915 13:33:42.174740   26229 env.go:770] [env]try /Users/brien/urnetwork/vault/local, [redis.yml]
I0915 13:33:42.174763   26229 env.go:770] [env]try /Users/brien/urnetwork/config, [tls.yml]
I0915 13:33:42.174785   26229 transport.go:1785] [c]h3 listener up transport=h3dns port=0 address=127.0.0.1:50169
I0915 13:33:42.174795   26229 env.go:770] [env]try /Users/brien/urnetwork/vault/all, [redis.yml]
I0915 13:33:42.174570   26229 transport.go:1785] [c]h3 listener up transport=h3 port=0 address=127.0.0.1:53479
I0915 13:33:42.174819   26229 env.go:770] [env]try /Users/brien/urnetwork/vault, [redis.yml]
I0915 13:33:42.174861   26229 env.go:770] [env]try /Users/brien/urnetwork/vault/local, [redis.yml]
I0915 13:33:42.174920   26229 env.go:640] [env]/Users/brien/urnetwork/vault/local/redis.yml[cluster] = false
I0915 13:33:42.174927   26229 env.go:656] [env]/Users/brien/urnetwork/vault/local/redis.yml[db] = 12
I0915 13:33:42.174929   26229 transport.go:1785] [c]h3 listener up transport=h3 port=0 address=127.0.0.1:49718
I0915 13:33:42.174800   26229 env.go:770] [env]try /Users/brien/urnetwork/config/local, [tls.yml]
I0915 13:33:42.175250   26229 env.go:770] [env]try /Users/brien/urnetwork/vault/all, [redis.yml]
I0915 13:33:42.175308   26229 env.go:640] [env]/Users/brien/urnetwork/vault/local/redis.yml[cluster] = false
I0915 13:33:42.175314   26229 env.go:656] [env]/Users/brien/urnetwork/vault/local/redis.yml[db] = 12
I0915 13:33:42.175437   26229 env.go:770] [env]try /Users/brien/urnetwork/config/all, [tls.yml]
I0915 13:33:42.175648   26229 transport.go:1785] [c]h3 listener up transport=h3 port=0 address=127.0.0.1:53108
I0915 13:33:42.175691   26229 env.go:770] [env]try /Users/brien/urnetwork/config, [tls.yml]
I0915 13:33:42.175764   26229 env.go:770] [env]try /Users/brien/urnetwork/vault, [redis.yml]
I0915 13:33:42.175803   26229 env.go:770] [env]try /Users/brien/urnetwork/config/local, [tls.yml]
I0915 13:33:42.175681   26229 transport.go:1785] [c]h3 listener up transport=h3dns port=0 address=127.0.0.1:61087
I0915 13:33:42.175823   26229 env.go:770] [env]try /Users/brien/urnetwork/vault/local, [redis.yml]
I0915 13:33:42.175936   26229 env.go:770] [env]try /Users/brien/urnetwork/config/all, [tls.yml]
I0915 13:33:42.175941   26229 env.go:770] [env]try /Users/brien/urnetwork/vault/all, [redis.yml]
I0915 13:33:42.176031   26229 env.go:640] [env]/Users/brien/urnetwork/vault/local/redis.yml[cluster] = false
I0915 13:33:42.176038   26229 env.go:656] [env]/Users/brien/urnetwork/vault/local/redis.yml[db] = 12
I0915 13:33:42.176133   26229 transport.go:1785] [c]h3 listener up transport=h3dns port=0 address=127.0.0.1:55835
I0915 13:33:42.176211   26229 env.go:770] [env]try /Users/brien/urnetwork/config, [tls.yml]
I0915 13:33:42.176280   26229 env.go:770] [env]try /Users/brien/urnetwork/config/local, [tls.yml]
I0915 13:33:42.176324   26229 env.go:770] [env]try /Users/brien/urnetwork/config/all, [tls.yml]
I0915 13:33:42.176323   26229 env.go:770] [env]try /Users/brien/urnetwork/vault, [redis.yml]
I0915 13:33:42.176419   26229 env.go:770] [env]try /Users/brien/urnetwork/vault/local, [redis.yml]
I0915 13:33:42.176499   26229 env.go:770] [env]try /Users/brien/urnetwork/vault/all, [redis.yml]
I0915 13:33:42.176533   26229 env.go:770] [env]try /Users/brien/urnetwork/config, [tls.yml]
I0915 13:33:42.176573   26229 transport.go:1785] [c]h3 listener up transport=h3 port=0 address=127.0.0.1:61610
I0915 13:33:42.176582   26229 env.go:640] [env]/Users/brien/urnetwork/vault/local/redis.yml[cluster] = false
I0915 13:33:42.176592   26229 env.go:656] [env]/Users/brien/urnetwork/vault/local/redis.yml[db] = 12
I0915 13:33:42.176597   26229 env.go:770] [env]try /Users/brien/urnetwork/vault, [redis.yml]
I0915 13:33:42.176607   26229 env.go:770] [env]try /Users/brien/urnetwork/config/local, [tls.yml]
I0915 13:33:42.176653   26229 env.go:770] [env]try /Users/brien/urnetwork/vault/local, [redis.yml]
I0915 13:33:42.176672   26229 env.go:770] [env]try /Users/brien/urnetwork/config/all, [tls.yml]
I0915 13:33:42.176536   26229 transport.go:1785] [c]h3 listener up transport=h3dns port=0 address=127.0.0.1:59634
I0915 13:33:42.176778   26229 transport.go:1785] [c]h3 listener up transport=h3 port=0 address=127.0.0.1:64844
I0915 13:33:42.176799   26229 transport.go:1785] [c]h3 listener up transport=h3dns port=0 address=127.0.0.1:51380
I0915 13:33:42.176827   26229 transport.go:1785] [c]h3 listener up transport=h3 port=0 address=127.0.0.1:54569
I0915 13:33:42.176859   26229 env.go:770] [env]try /Users/brien/urnetwork/config, [tls.yml]
I0915 13:33:42.176868   26229 env.go:770] [env]try /Users/brien/urnetwork/vault/all, [redis.yml]
I0915 13:33:42.176890   26229 env.go:770] [env]try /Users/brien/urnetwork/vault, [redis.yml]
I0915 13:33:42.176928   26229 env.go:770] [env]try /Users/brien/urnetwork/config/local, [tls.yml]
I0915 13:33:42.176947   26229 env.go:770] [env]try /Users/brien/urnetwork/vault/local, [redis.yml]
I0915 13:33:42.176986   26229 env.go:770] [env]try /Users/brien/urnetwork/config/all, [tls.yml]
I0915 13:33:42.177007   26229 env.go:770] [env]try /Users/brien/urnetwork/vault/all, [redis.yml]
I0915 13:33:42.176948   26229 env.go:640] [env]/Users/brien/urnetwork/vault/local/redis.yml[cluster] = false
I0915 13:33:42.177050   26229 env.go:656] [env]/Users/brien/urnetwork/vault/local/redis.yml[db] = 12
I0915 13:33:42.177185   26229 transport.go:1785] [c]h3 listener up transport=h3dns port=0 address=127.0.0.1:57726
I0915 13:33:42.177198   26229 transport.go:1785] [c]h3 listener up transport=h3 port=0 address=127.0.0.1:56422
I0915 13:33:42.177255   26229 env.go:640] [env]/Users/brien/urnetwork/vault/local/redis.yml[cluster] = false
I0915 13:33:42.177268   26229 env.go:656] [env]/Users/brien/urnetwork/vault/local/redis.yml[db] = 12
I0915 13:33:42.293251   26229 transport_family.go:1480] [c]h3 connect to 127.0.0.1:56422 (127.0.0.1) local=0.0.0.0:49998 bound=false
2026/09/15 13:33:42 failed to increase receive buffer size (wanted: 7168 kiB, got 1024 kiB). See https://github.com/quic-go/quic-go/wiki/UDP-Buffer-Sizes for details.
I0915 13:33:42.293365   26229 transport_family.go:1480] [c]h3 connect to 127.0.0.1:64122 (127.0.0.1) local=0.0.0.0:53136 bound=false
I0915 13:33:42.295212   26229 tls.go:135] [tls]creating self-signed cert for 127.0.0.1
I0915 13:33:42.295212   26229 tls.go:135] [tls]creating self-signed cert for 127.0.0.1
I0915 13:33:42.366735   26229 transport.go:1796] [c]h3 accept connection 127.0.0.1:56422
I0915 13:33:42.373091   26229 transport.go:1796] [c]h3 accept connection 127.0.0.1:64122
I0915 13:33:42.395522   26229 network_client_controller.go:306] [ncc][01a0a658-a4eb-fcc3-0197-5c5794b20f3e]could not find client location. err = Unknown location type.
I0915 13:33:42.397781   26229 network_client_controller.go:306] [ncc][01a0a658-a4ef-71f9-3042-41932ba13ffd]could not find client location. err = Unknown location type.
[progress][1kib] burstSize=1 b=0
pause
I0915 13:33:42.425516   26229 transport.go:1821] [c]h3 connection exited 127.0.0.1:56422
I0915 13:33:42.628960   26229 transport_family.go:1480] [c]h3 connect to 127.0.0.1:49718 (127.0.0.1) local=0.0.0.0:50897 bound=false
I0915 13:33:42.630021   26229 tls.go:135] [tls]creating self-signed cert for 127.0.0.1
unpause
new transport a
new transport a
new transport a
new transport a
new transport a
new transport a
I0915 13:33:42.776570   26229 transport.go:1796] [c]h3 accept connection 127.0.0.1:49718
I0915 13:33:42.794830   26229 network_client_controller.go:306] [ncc][01a0a658-a682-43e1-2837-8529c21f5576]could not find client location. err = Unknown location type.
I0915 13:33:43.033177   26229 transport_family.go:1480] [c]h3 connect to 127.0.0.1:61395 (127.0.0.1) local=0.0.0.0:61468 bound=false
I0915 13:33:43.034098   26229 tls.go:135] [tls]creating self-signed cert for 127.0.0.1
I0915 13:33:43.052141   26229 transport.go:1796] [c]h3 accept connection 127.0.0.1:61395
I0915 13:33:43.068958   26229 network_client_controller.go:306] [ncc][01a0a658-a798-1f7d-119f-020b8c997a7c]could not find client location. err = Unknown location type.
unpause
I0915 13:33:43.460186   26229 transport_family.go:1480] [c]h3 connect to 127.0.0.1:54569 (127.0.0.1) local=0.0.0.0:60391 bound=false
I0915 13:33:43.461399   26229 tls.go:135] [tls]creating self-signed cert for 127.0.0.1
I0915 13:33:43.508231   26229 transport.go:1796] [c]h3 accept connection 127.0.0.1:54569
I0915 13:33:43.526288   26229 network_client_controller.go:306] [ncc][01a0a658-a95e-9d95-91df-d917cb6177c4]could not find client location. err = Unknown location type.
B dropped nacks: 1 <> 6
pause
I0915 13:33:44.092997   26229 transport.go:1821] [c]h3 connection exited 127.0.0.1:49718
I0915 13:33:44.099206   26229 transport.go:1821] [c]h3 connection exited 127.0.0.1:64122
unpause
new transport b
new transport b
new transport b
new transport b
new transport b
new transport b
I0915 13:33:44.138389   26229 transport_family.go:1480] [c]h3 connect to 127.0.0.1:53108 (127.0.0.1) local=0.0.0.0:64549 bound=false
I0915 13:33:44.139232   26229 tls.go:135] [tls]creating self-signed cert for 127.0.0.1
I0915 13:33:44.220044   26229 transport.go:1796] [c]h3 accept connection 127.0.0.1:53108
unpause
I0915 13:33:44.253391   26229 network_client_controller.go:306] [ncc][01a0a658-ac2f-dd23-9532-604991202948]could not find client location. err = Unknown location type.
I0915 13:33:44.887452   26229 transport_family.go:1480] [c]h3 connect to 127.0.0.1:54569 (127.0.0.1) local=0.0.0.0:59818 bound=false
I0915 13:33:44.889658   26229 transport.go:1796] [c]h3 accept connection 127.0.0.1:54569
I0915 13:33:44.903509   26229 network_client_controller.go:306] [ncc][01a0a658-aec1-e8fe-7675-d58a7e08cfa4]could not find client location. err = Unknown location type.
A dropped nacks: 0 <> 6
[progress][1kib] burstSize=1 b=1
pause
I0915 13:33:45.270717   26229 transport.go:1821] [c]h3 connection exited 127.0.0.1:61395
I0915 13:33:45.273192   26229 transport.go:1821] [c]h3 connection exited 127.0.0.1:54569
unpause
new transport a
new transport a
new transport a
new transport a
new transport a
new transport a
I0915 13:33:45.350637   26229 transport_family.go:1480] [c]h3 connect to 127.0.0.1:64122 (127.0.0.1) local=0.0.0.0:59764 bound=false
I0915 13:33:45.354144   26229 transport.go:1796] [c]h3 accept connection 127.0.0.1:64122
unpause
I0915 13:33:45.368102   26229 network_client_controller.go:306] [ncc][01a0a658-b090-c0e5-5467-1733f6ea5694]could not find client location. err = Unknown location type.
I0915 13:33:45.619407   26229 transport_family.go:1480] [c]h3 connect to 127.0.0.1:61610 (127.0.0.1) local=0.0.0.0:59267 bound=false
I0915 13:33:45.620132   26229 tls.go:135] [tls]creating self-signed cert for 127.0.0.1
I0915 13:33:45.703336   26229 transport.go:1796] [c]h3 accept connection 127.0.0.1:61610
I0915 13:33:45.716773   26229 network_client_controller.go:306] [ncc][01a0a658-b1ef-dfc6-24d1-7d6a045cbde6]could not find client location. err = Unknown location type.
B dropped nacks: 0 <> 6
pause
I0915 13:33:46.645046   26229 transport.go:1821] [c]h3 connection exited 127.0.0.1:53108
I0915 13:33:46.650212   26229 transport.go:1821] [c]h3 connection exited 127.0.0.1:54569
unpause
new transport b
new transport b
new transport b
new transport b
new transport b
new transport b
I0915 13:33:46.747934   26229 transport_family.go:1480] [c]h3 connect to 127.0.0.1:61610 (127.0.0.1) local=0.0.0.0:55194 bound=false
I0915 13:33:46.750124   26229 transport.go:1796] [c]h3 accept connection 127.0.0.1:61610
I0915 13:33:46.766353   26229 network_client_controller.go:306] [ncc][01a0a658-b608-9812-8fdb-7969b34c3b75]could not find client location. err = Unknown location type.
unpause
I0915 13:33:46.947443   26229 transport_family.go:1480] [c]h3 connect to 127.0.0.1:64122 (127.0.0.1) local=0.0.0.0:57687 bound=false
I0915 13:33:46.949686   26229 transport.go:1796] [c]h3 accept connection 127.0.0.1:64122
I0915 13:33:46.964442   26229 network_client_controller.go:306] [ncc][01a0a658-b6cd-85f8-cc8a-0b943154da7d]could not find client location. err = Unknown location type.
A dropped nacks: 2 <> 6
[progress][1kib] burstSize=2 b=0
pause
I0915 13:33:48.054889   26229 transport.go:1821] [c]h3 connection exited 127.0.0.1:64122
I0915 13:33:48.059539   26229 transport.go:1821] [c]h3 connection exited 127.0.0.1:61610
unpause
new transport a
new transport a
new transport a
new transport a
new transport a
new transport a
I0915 13:33:48.260289   26229 transport_family.go:1480] [c]h3 connect to 127.0.0.1:53479 (127.0.0.1) local=0.0.0.0:53124 bound=false
I0915 13:33:48.261130   26229 tls.go:135] [tls]creating self-signed cert for 127.0.0.1
I0915 13:33:48.308977   26229 transport.go:1796] [c]h3 accept connection 127.0.0.1:53479
I0915 13:33:48.325682   26229 network_client_controller.go:306] [ncc][01a0a658-bc20-9d0a-3c50-62c1c208f25d]could not find client location. err = Unknown location type.
unpause
pause
unpause
I0915 13:33:49.169382   26229 transport_family.go:1480] [c]h3 connect to 127.0.0.1:49718 (127.0.0.1) local=0.0.0.0:62460 bound=false
I0915 13:33:49.171850   26229 transport.go:1796] [c]h3 accept connection 127.0.0.1:49718
I0915 13:33:49.196352   26229 network_client_controller.go:306] [ncc][01a0a658-bf7d-56b7-afe9-a870956d2f8a]could not find client location. err = Unknown location type.
B dropped nacks: 2 <> 12
pause
I0915 13:33:49.617284   26229 transport.go:1821] [c]h3 connection exited 127.0.0.1:61610
I0915 13:33:49.622796   26229 transport.go:1821] [c]h3 connection exited 127.0.0.1:64122
unpause
new transport b
new transport b
new transport b
new transport b
new transport b
new transport b
I0915 13:33:49.701813   26229 transport_family.go:1480] [c]h3 connect to 127.0.0.1:53479 (127.0.0.1) local=0.0.0.0:63736 bound=false
I0915 13:33:49.705304   26229 transport.go:1796] [c]h3 accept connection 127.0.0.1:53479
I0915 13:33:49.722455   26229 network_client_controller.go:306] [ncc][01a0a658-c192-d018-062c-89b14b08ffbb]could not find client location. err = Unknown location type.
unpause
pause
I0915 13:33:49.822039   26229 transport_family.go:1480] [c]h3 connect to 127.0.0.1:61610 (127.0.0.1) local=0.0.0.0:55931 bound=false
I0915 13:33:49.824751   26229 transport.go:1796] [c]h3 accept connection 127.0.0.1:61610
I0915 13:33:49.841591   26229 network_client_controller.go:306] [ncc][01a0a658-c20a-cad2-0aad-c2c7e003bb25]could not find client location. err = Unknown location type.
unpause
A dropped nacks: 4 <> 12
[progress][1kib] burstSize=2 b=1
pause
I0915 13:33:50.903719   26229 transport.go:1821] [c]h3 connection exited 127.0.0.1:49718
I0915 13:33:50.904032   26229 transport.go:1821] [c]h3 connection exited 127.0.0.1:53479
unpause
new transport a
new transport a
new transport a
new transport a
new transport a
new transport a
I0915 13:33:50.986580   26229 transport_family.go:1480] [c]h3 connect to 127.0.0.1:53108 (127.0.0.1) local=0.0.0.0:61407 bound=false
I0915 13:33:50.988617   26229 transport.go:1796] [c]h3 accept connection 127.0.0.1:53108
unpause
pause
I0915 13:33:51.003470   26229 network_client_controller.go:306] [ncc][01a0a658-c695-ea2f-71b5-52c3d081d3de]could not find client location. err = Unknown location type.
unpause
I0915 13:33:51.143326   26229 transport_family.go:1480] [c]h3 connect to 127.0.0.1:64844 (127.0.0.1) local=0.0.0.0:57408 bound=false
I0915 13:33:51.144744   26229 tls.go:135] [tls]creating self-signed cert for 127.0.0.1
I0915 13:33:51.194924   26229 transport.go:1796] [c]h3 accept connection 127.0.0.1:64844
I0915 13:33:51.212500   26229 network_client_controller.go:306] [ncc][01a0a658-c767-09c3-74df-1a452d5e7680]could not find client location. err = Unknown location type.
B dropped nacks: 1 <> 12
pause
I0915 13:33:52.119097   26229 transport.go:1821] [c]h3 connection exited 127.0.0.1:53479
I0915 13:33:52.123258   26229 transport.go:1821] [c]h3 connection exited 127.0.0.1:61610
unpause
new transport b
new transport b
new transport b
new transport b
new transport b
new transport b
I0915 13:33:52.334183   26229 transport_family.go:1480] [c]h3 connect to 127.0.0.1:64844 (127.0.0.1) local=0.0.0.0:55979 bound=false
I0915 13:33:52.337192   26229 transport.go:1796] [c]h3 accept connection 127.0.0.1:64844
unpause
pause
I0915 13:33:52.351854   26229 network_client_controller.go:306] [ncc][01a0a658-cbd9-999d-e9a1-17662239f800]could not find client location. err = Unknown location type.
unpause
I0915 13:33:52.677444   26229 transport_family.go:1480] [c]h3 connect to 127.0.0.1:64122 (127.0.0.1) local=0.0.0.0:52817 bound=false
I0915 13:33:52.681537   26229 transport.go:1796] [c]h3 accept connection 127.0.0.1:64122
I0915 13:33:52.698730   26229 network_client_controller.go:306] [ncc][01a0a658-cd33-851f-533f-7da69b7e4c51]could not find client location. err = Unknown location type.
A dropped nacks: 1 <> 12
[progress][1kib] burstSize=3 b=0
pause
I0915 13:33:53.489967   26229 transport.go:1821] [c]h3 connection exited 127.0.0.1:53108
I0915 13:33:53.490271   26229 transport.go:1821] [c]h3 connection exited 127.0.0.1:64844
unpause
new transport a
new transport a
new transport a
new transport a
new transport a
new transport a
I0915 13:33:53.642889   26229 transport_family.go:1480] [c]h3 connect to 127.0.0.1:53108 (127.0.0.1) local=0.0.0.0:57466 bound=false
I0915 13:33:53.645425   26229 transport.go:1796] [c]h3 accept connection 127.0.0.1:53108
unpause
pause
I0915 13:33:53.658277   26229 network_client_controller.go:306] [ncc][01a0a658-d0f3-9d3c-65a6-b8f34bb4b97e]could not find client location. err = Unknown location type.
I0915 13:33:53.755713   26229 transport_family.go:1480] [c]h3 connect to 127.0.0.1:61610 (127.0.0.1) local=0.0.0.0:64470 bound=false
I0915 13:33:53.757791   26229 transport.go:1796] [c]h3 accept connection 127.0.0.1:61610
I0915 13:33:53.767868   26229 network_client_controller.go:306] [ncc][01a0a658-d164-3136-18b6-4fb735ba18fd]could not find client location. err = Unknown location type.
unpause
unpause
B dropped nacks: 3 <> 18
pause
I0915 13:33:54.898905   26229 transport.go:1821] [c]h3 connection exited 127.0.0.1:64844
I0915 13:33:54.904410   26229 transport.go:1821] [c]h3 connection exited 127.0.0.1:64122
unpause
new transport b
new transport b
new transport b
new transport b
new transport b
new transport b
I0915 13:33:55.087305   26229 transport_family.go:1480] [c]h3 connect to 127.0.0.1:64122 (127.0.0.1) local=0.0.0.0:62385 bound=false
I0915 13:33:55.089776   26229 transport.go:1796] [c]h3 accept connection 127.0.0.1:64122
I0915 13:33:55.104902   26229 network_client_controller.go:306] [ncc][01a0a658-d69b-63b4-3223-fcc510c1f0ce]could not find client location. err = Unknown location type.
unpause
pause
unpause
unpause
I0915 13:33:55.843623   26229 transport_family.go:1480] [c]h3 connect to 127.0.0.1:64888 (127.0.0.1) local=0.0.0.0:58360 bound=false
I0915 13:33:55.844398   26229 tls.go:135] [tls]creating self-signed cert for 127.0.0.1
I0915 13:33:55.882556   26229 transport.go:1796] [c]h3 accept connection 127.0.0.1:64888
I0915 13:33:55.899260   26229 network_client_controller.go:306] [ncc][01a0a658-d9b3-72b2-2e67-995ce16ca738]could not find client location. err = Unknown location type.
A dropped nacks: 3 <> 18
[progress][1kib] burstSize=3 b=1
pause
I0915 13:33:57.629887   26229 transport.go:1821] [c]h3 connection exited 127.0.0.1:61610
I0915 13:33:57.633423   26229 transport.go:1821] [c]h3 connection exited 127.0.0.1:53108
unpause
new transport a
new transport a
new transport a
new transport a
new transport a
new transport a
I0915 13:33:57.671557   26229 transport_family.go:1480] [c]h3 connect to 127.0.0.1:53108 (127.0.0.1) local=0.0.0.0:63806 bound=false
I0915 13:33:57.673768   26229 transport.go:1796] [c]h3 accept connection 127.0.0.1:53108
unpause
pause
I0915 13:33:57.688331   26229 network_client_controller.go:306] [ncc][01a0a658-e0b0-60c4-5e81-e4f4eea38a9e]could not find client location. err = Unknown location type.
unpause
unpause
I0915 13:33:58.310985   26229 transport_family.go:1480] [c]h3 connect to 127.0.0.1:49718 (127.0.0.1) local=0.0.0.0:50331 bound=false
I0915 13:33:58.313216   26229 transport.go:1796] [c]h3 accept connection 127.0.0.1:49718
I0915 13:33:58.326557   26229 network_client_controller.go:306] [ncc][01a0a658-e330-d77a-31c4-04d6e9f74ef7]could not find client location. err = Unknown location type.
B dropped nacks: 1 <> 18
pause
I0915 13:33:59.523128   26229 transport.go:1821] [c]h3 connection exited 127.0.0.1:64888
I0915 13:33:59.527935   26229 transport.go:1821] [c]h3 connection exited 127.0.0.1:64122
unpause
new transport b
new transport b
new transport b
new transport b
new transport b
new transport b
I0915 13:33:59.632237   26229 transport_family.go:1480] [c]h3 connect to 127.0.0.1:54569 (127.0.0.1) local=0.0.0.0:50692 bound=false
I0915 13:33:59.634268   26229 transport.go:1796] [c]h3 accept connection 127.0.0.1:54569
unpause
pause
I0915 13:33:59.644132   26229 network_client_controller.go:306] [ncc][01a0a658-e857-533e-85c9-da2d965d8f34]could not find client location. err = Unknown location type.
unpause
unpause
I0915 13:34:00.001169   26229 transfer.go:4069] [c]ping
I0915 13:34:00.600106   26229 transport_family.go:1480] [c]h3 connect to 127.0.0.1:49718 (127.0.0.1) local=0.0.0.0:51338 bound=false
I0915 13:34:00.602004   26229 transport.go:1796] [c]h3 accept connection 127.0.0.1:49718
I0915 13:34:00.615134   26229 network_client_controller.go:306] [ncc][01a0a658-ec23-893f-9ce5-ed097776d6d9]could not find client location. err = Unknown location type.
A dropped nacks: 2 <> 18
[progress][1kib] burstSize=4 b=0
pause
I0915 13:34:00.774669   26229 transport.go:1821] [c]h3 connection exited 127.0.0.1:49718
I0915 13:34:00.782769   26229 transport.go:1821] [c]h3 connection exited 127.0.0.1:53108
unpause
new transport a
new transport a
new transport a
new transport a
new transport a
new transport a
I0915 13:34:00.814130   26229 transport_family.go:1480] [c]h3 connect to 127.0.0.1:64844 (127.0.0.1) local=0.0.0.0:58139 bound=false
I0915 13:34:00.816075   26229 transport.go:1796] [c]h3 accept connection 127.0.0.1:64844
unpause
unpause
pause
I0915 13:34:00.826681   26229 network_client_controller.go:306] [ncc][01a0a658-ecf5-617a-7390-164258c5a216]could not find client location. err = Unknown location type.
unpause
unpause
I0915 13:34:01.719883   26229 transport_family.go:1480] [c]h3 connect to 127.0.0.1:53108 (127.0.0.1) local=0.0.0.0:61247 bound=false
I0915 13:34:01.721779   26229 transport.go:1796] [c]h3 accept connection 127.0.0.1:53108
I0915 13:34:01.736212   26229 network_client_controller.go:306] [ncc][01a0a658-f084-275e-36d2-b412b08247fb]could not find client location. err = Unknown location type.
B dropped nacks: 2 <> 24
pause
I0915 13:34:02.031358   26229 transport.go:1821] [c]h3 connection exited 127.0.0.1:54569
I0915 13:34:02.035806   26229 transport.go:1821] [c]h3 connection exited 127.0.0.1:49718
unpause
new transport b
new transport b
new transport b
new transport b
new transport b
new transport b
I0915 13:34:02.132248   26229 transport_family.go:1480] [c]h3 connect to 127.0.0.1:64888 (127.0.0.1) local=0.0.0.0:51629 bound=false
I0915 13:34:02.136019   26229 transport.go:1796] [c]h3 accept connection 127.0.0.1:64888
I0915 13:34:02.150694   26229 network_client_controller.go:306] [ncc][01a0a658-f221-564e-88de-4e7d1c76a5f1]could not find client location. err = Unknown location type.
unpause
unpause
pause
unpause
unpause
I0915 13:34:02.915331   26229 transport_family.go:1480] [c]h3 connect to 127.0.0.1:64122 (127.0.0.1) local=0.0.0.0:53906 bound=false
I0915 13:34:02.917382   26229 transport.go:1796] [c]h3 accept connection 127.0.0.1:64122
I0915 13:34:02.938030   26229 network_client_controller.go:306] [ncc][01a0a658-f532-6fea-2040-3dd001760287]could not find client location. err = Unknown location type.
A dropped nacks: 4 <> 24
[progress][1kib] burstSize=4 b=1
pause
I0915 13:34:03.350766   26229 transport.go:1821] [c]h3 connection exited 127.0.0.1:53108
I0915 13:34:03.355079   26229 transport.go:1821] [c]h3 connection exited 127.0.0.1:64844
unpause
new transport a
new transport a
new transport a
new transport a
new transport a
new transport a
I0915 13:34:03.463879   26229 transport_family.go:1480] [c]h3 connect to 127.0.0.1:64888 (127.0.0.1) local=0.0.0.0:54046 bound=false
I0915 13:34:03.466471   26229 transport.go:1796] [c]h3 accept connection 127.0.0.1:64888
unpause
unpause
pause
I0915 13:34:03.479259   26229 network_client_controller.go:306] [ncc][01a0a658-f752-41fe-be7b-ffb38418fc28]could not find client location. err = Unknown location type.
unpause
unpause
I0915 13:34:04.109107   26229 transport_family.go:1480] [c]h3 connect to 127.0.0.1:61610 (127.0.0.1) local=0.0.0.0:57863 bound=false
I0915 13:34:04.112760   26229 transport.go:1796] [c]h3 accept connection 127.0.0.1:61610
I0915 13:34:04.132122   26229 network_client_controller.go:306] [ncc][01a0a658-f9dc-43cc-ca71-8c5e93ec4314]could not find client location. err = Unknown location type.
B dropped nacks: 3 <> 24
pause
I0915 13:34:07.145752   26229 transport.go:1821] [c]h3 connection exited 127.0.0.1:64888
I0915 13:34:07.148079   26229 transport.go:1821] [c]h3 connection exited 127.0.0.1:64122
unpause
new transport b
new transport b
new transport b
new transport b
new transport b
new transport b
I0915 13:34:07.286818   26229 transport_family.go:1480] [c]h3 connect to 127.0.0.1:54569 (127.0.0.1) local=0.0.0.0:57109 bound=false
I0915 13:34:07.288612   26229 transport.go:1796] [c]h3 accept connection 127.0.0.1:54569
unpause
unpause
pause
I0915 13:34:07.309845   26229 network_client_controller.go:306] [ncc][01a0a659-0642-eae1-94a8-7a31e873c8d0]could not find client location. err = Unknown location type.
unpause
unpause
I0915 13:34:07.509731   26229 transport_family.go:1480] [c]h3 connect to 127.0.0.1:56422 (127.0.0.1) local=0.0.0.0:54513 bound=false
I0915 13:34:07.514908   26229 transport.go:1796] [c]h3 accept connection 127.0.0.1:56422
I0915 13:34:07.532640   26229 network_client_controller.go:306] [ncc][01a0a659-0727-1291-5440-e018a833b202]could not find client location. err = Unknown location type.
A dropped nacks: 4 <> 24
[progress][1kib] burstSize=5 b=0
pause
I0915 13:34:08.691429   26229 transport.go:1821] [c]h3 connection exited 127.0.0.1:64888
I0915 13:34:08.693783   26229 transport.go:1821] [c]h3 connection exited 127.0.0.1:61610
unpause
new transport a
new transport a
new transport a
new transport a
new transport a
new transport a
I0915 13:34:08.751845   26229 transport_family.go:1480] [c]h3 connect to 127.0.0.1:61610 (127.0.0.1) local=0.0.0.0:62784 bound=false
I0915 13:34:08.753758   26229 transport.go:1796] [c]h3 accept connection 127.0.0.1:61610
unpause
unpause
pause
I0915 13:34:08.766538   26229 network_client_controller.go:306] [ncc][01a0a659-0bf9-babc-89f8-a59b4085d404]could not find client location. err = Unknown location type.
unpause
unpause
unpause
I0915 13:34:09.068572   26229 transport_family.go:1480] [c]h3 connect to 127.0.0.1:53479 (127.0.0.1) local=0.0.0.0:56652 bound=false
I0915 13:34:09.070595   26229 transport.go:1796] [c]h3 accept connection 127.0.0.1:53479
I0915 13:34:09.082243   26229 network_client_controller.go:306] [ncc][01a0a659-0d35-e61b-7161-e27b8938b16f]could not find client location. err = Unknown location type.
B dropped nacks: 4 <> 30
pause
I0915 13:34:10.399092   26229 transport.go:1821] [c]h3 connection exited 127.0.0.1:56422
I0915 13:34:10.403037   26229 transport.go:1821] [c]h3 connection exited 127.0.0.1:54569
unpause
new transport b
new transport b
new transport b
new transport b
new transport b
new transport b
I0915 13:34:10.530303   26229 transport_family.go:1480] [c]h3 connect to 127.0.0.1:61610 (127.0.0.1) local=0.0.0.0:56989 bound=false
I0915 13:34:10.532140   26229 transport.go:1796] [c]h3 accept connection 127.0.0.1:61610
unpause
unpause
pause
I0915 13:34:10.543572   26229 network_client_controller.go:306] [ncc][01a0a659-12ea-175a-b8a4-4b5a2c278ca9]could not find client location. err = Unknown location type.
unpause
unpause
unpause
I0915 13:34:10.776090   26229 transport_family.go:1480] [c]h3 connect to 127.0.0.1:64888 (127.0.0.1) local=0.0.0.0:54624 bound=false
I0915 13:34:10.778036   26229 transport.go:1796] [c]h3 accept connection 127.0.0.1:64888
I0915 13:34:10.786536   26229 network_client_controller.go:306] [ncc][01a0a659-13df-ef6c-b286-bf3d7bc31627]could not find client location. err = Unknown location type.
A dropped nacks: 2 <> 30
[progress][1kib] burstSize=5 b=1
pause
I0915 13:34:12.214823   26229 transport.go:1821] [c]h3 connection exited 127.0.0.1:61610
I0915 13:34:12.214883   26229 transport.go:1821] [c]h3 connection exited 127.0.0.1:53479
unpause
new transport a
new transport a
new transport a
new transport a
new transport a
new transport a
I0915 13:34:12.360621   26229 transport_family.go:1480] [c]h3 connect to 127.0.0.1:54569 (127.0.0.1) local=0.0.0.0:65127 bound=false
I0915 13:34:12.362635   26229 transport.go:1796] [c]h3 accept connection 127.0.0.1:54569
I0915 13:34:12.376865   26229 network_client_controller.go:306] [ncc][01a0a659-1a14-e86d-dc64-02bc05ae2a5e]could not find client location. err = Unknown location type.
unpause
unpause
pause
unpause
unpause
unpause
I0915 13:34:13.331241   26229 transport_family.go:1480] [c]h3 connect to 127.0.0.1:49718 (127.0.0.1) local=0.0.0.0:53480 bound=false
I0915 13:34:13.333265   26229 transport.go:1796] [c]h3 accept connection 127.0.0.1:49718
I0915 13:34:13.344617   26229 network_client_controller.go:306] [ncc][01a0a659-1ddb-bf2a-2b5f-cacdd65336f2]could not find client location. err = Unknown location type.
B dropped nacks: 5 <> 30
pause
I0915 13:34:13.574277   26229 transport.go:1821] [c]h3 connection exited 127.0.0.1:61610
I0915 13:34:13.575118   26229 transport.go:1821] [c]h3 connection exited 127.0.0.1:64888
unpause
new transport b
new transport b
new transport b
new transport b
new transport b
new transport b
I0915 13:34:13.660779   26229 transport_family.go:1480] [c]h3 connect to 127.0.0.1:53108 (127.0.0.1) local=0.0.0.0:61132 bound=false
I0915 13:34:13.662893   26229 transport.go:1796] [c]h3 accept connection 127.0.0.1:53108
unpause
unpause
pause
I0915 13:34:13.671914   26229 network_client_controller.go:306] [ncc][01a0a659-1f24-73ae-146d-a43de90ac5e9]could not find client location. err = Unknown location type.
unpause
unpause
unpause
I0915 13:34:13.926775   26229 transport_family.go:1480] [c]h3 connect to 127.0.0.1:56422 (127.0.0.1) local=0.0.0.0:50377 bound=false
I0915 13:34:13.929899   26229 transport.go:1796] [c]h3 accept connection 127.0.0.1:56422
I0915 13:34:13.945312   26229 network_client_controller.go:306] [ncc][01a0a659-2033-d143-a888-94c7ad260af6]could not find client location. err = Unknown location type.
A dropped nacks: 5 <> 30
[progress][1kib] burstSize=6 b=0
pause
I0915 13:34:14.900983   26229 transport.go:1821] [c]h3 connection exited 127.0.0.1:49718
I0915 13:34:14.903378   26229 transport.go:1821] [c]h3 connection exited 127.0.0.1:54569
unpause
new transport a
new transport a
new transport a
new transport a
new transport a
new transport a
I0915 13:34:15.042573   26229 transport_family.go:1480] [c]h3 connect to 127.0.0.1:64844 (127.0.0.1) local=0.0.0.0:52708 bound=false
I0915 13:34:15.044461   26229 transport.go:1796] [c]h3 accept connection 127.0.0.1:64844
unpause
unpause
unpause
pause
I0915 13:34:15.053714   26229 network_client_controller.go:306] [ncc][01a0a659-2489-9d60-e78e-090bd2efe9d7]could not find client location. err = Unknown location type.
unpause
unpause
unpause
I0915 13:34:15.982805   26229 transport_family.go:1480] [c]h3 connect to 127.0.0.1:53108 (127.0.0.1) local=0.0.0.0:59363 bound=false
I0915 13:34:15.984791   26229 transport.go:1796] [c]h3 accept connection 127.0.0.1:53108
I0915 13:34:15.998889   26229 network_client_controller.go:306] [ncc][01a0a659-283a-00ff-f42e-46a90fd8a433]could not find client location. err = Unknown location type.
B dropped nacks: 5 <> 36
pause
I0915 13:34:16.188103   26229 transport.go:1821] [c]h3 connection exited 127.0.0.1:53108
I0915 13:34:16.190726   26229 transport.go:1821] [c]h3 connection exited 127.0.0.1:56422
unpause
new transport b
new transport b
new transport b
new transport b
new transport b
new transport b
I0915 13:34:16.357045   26229 transport_family.go:1480] [c]h3 connect to 127.0.0.1:61610 (127.0.0.1) local=0.0.0.0:54035 bound=false
I0915 13:34:16.358941   26229 transport.go:1796] [c]h3 accept connection 127.0.0.1:61610
unpause
unpause
unpause
pause
I0915 13:34:16.370813   26229 network_client_controller.go:306] [ncc][01a0a659-29af-7536-4af8-eafb042f8814]could not find client location. err = Unknown location type.
unpause
unpause
unpause
I0915 13:34:17.261923   26229 transport_family.go:1480] [c]h3 connect to 127.0.0.1:61610 (127.0.0.1) local=0.0.0.0:58998 bound=false
I0915 13:34:17.264091   26229 transport.go:1796] [c]h3 accept connection 127.0.0.1:61610
I0915 13:34:17.274703   26229 network_client_controller.go:306] [ncc][01a0a659-2d36-a2cb-9310-b677f3087005]could not find client location. err = Unknown location type.
A dropped nacks: 2 <> 36
[progress][1kib] burstSize=6 b=1
pause
I0915 13:34:17.813307   26229 transport.go:1821] [c]h3 connection exited 127.0.0.1:64844
I0915 13:34:17.816613   26229 transport.go:1821] [c]h3 connection exited 127.0.0.1:53108
unpause
new transport a
new transport a
new transport a
new transport a
new transport a
new transport a
I0915 13:34:17.953857   26229 transport_family.go:1480] [c]h3 connect to 127.0.0.1:61610 (127.0.0.1) local=0.0.0.0:56424 bound=false
I0915 13:34:17.955817   26229 transport.go:1796] [c]h3 accept connection 127.0.0.1:61610
unpause
unpause
unpause
pause
I0915 13:34:17.966120   26229 network_client_controller.go:306] [ncc][01a0a659-2fea-416d-25ca-6c6da7f3e476]could not find client location. err = Unknown location type.
unpause
unpause
unpause
I0915 13:34:18.437660   26229 transport_family.go:1480] [c]h3 connect to 127.0.0.1:54569 (127.0.0.1) local=0.0.0.0:59055 bound=false
I0915 13:34:18.439730   26229 transport.go:1796] [c]h3 accept connection 127.0.0.1:54569
I0915 13:34:18.459320   26229 network_client_controller.go:306] [ncc][01a0a659-31d7-8781-1dfe-5d927b0d19e5]could not find client location. err = Unknown location type.
B dropped nacks: 7 <> 36
pause
I0915 13:34:20.105800   26229 transport.go:1821] [c]h3 connection exited 127.0.0.1:61610
I0915 13:34:20.108230   26229 transport.go:1821] [c]h3 connection exited 127.0.0.1:61610
unpause
new transport b
new transport b
new transport b
new transport b
new transport b
new transport b
I0915 13:34:20.178293   26229 transport_family.go:1480] [c]h3 connect to 127.0.0.1:64844 (127.0.0.1) local=0.0.0.0:51806 bound=false
I0915 13:34:20.180129   26229 transport.go:1796] [c]h3 accept connection 127.0.0.1:64844
unpause
unpause
unpause
pause
I0915 13:34:20.192868   26229 network_client_controller.go:306] [ncc][01a0a659-389c-1291-7ce5-b4ea5088a130]could not find client location. err = Unknown location type.
unpause
unpause
unpause
I0915 13:34:20.888659   26229 transport_family.go:1480] [c]h3 connect to 127.0.0.1:61395 (127.0.0.1) local=0.0.0.0:53052 bound=false
I0915 13:34:20.890691   26229 transport.go:1796] [c]h3 accept connection 127.0.0.1:61395
I0915 13:34:20.902672   26229 network_client_controller.go:306] [ncc][01a0a659-3b62-226b-4800-461028294ee5]could not find client location. err = Unknown location type.
A dropped nacks: 7 <> 36
I0915 13:34:30.000872   26229 transfer.go:4069] [c]ping
I0915 13:34:30.000940   26229 transfer.go:4069] [c]ping
I0915 13:34:32.485600   26229 transport.go:1821] [c]h3 connection exited 127.0.0.1:54569
I0915 13:34:32.485940   26229 transport.go:1821] [c]h3 connection exited 127.0.0.1:64844
I0915 13:34:32.486133   26229 transport.go:1821] [c]h3 connection exited 127.0.0.1:61610
Net nack dropped bytes = 444416
I0915 13:34:32.486503   26229 transport.go:1821] [c]h3 connection exited 127.0.0.1:61395
I0915 13:34:32.496076   26229 env.go:770] [env]try /Users/brien/urnetwork/vault, [pg.yml]
I0915 13:34:32.499073   26229 env.go:770] [env]try /Users/brien/urnetwork/vault/local, [pg.yml]
I0915 13:34:32.499455   26229 env.go:770] [env]try /Users/brien/urnetwork/vault/all, [pg.yml]
I0915 13:34:32.499815   26229 env.go:770] [env]try /Users/brien/urnetwork/config, [db.yml]
I0915 13:34:32.500784   26229 env.go:770] [env]try /Users/brien/urnetwork/config/local, [db.yml]
I0915 13:34:32.501124   26229 env.go:770] [env]try /Users/brien/urnetwork/config/all, [db.yml]
I0915 13:34:32.501634   26229 env.go:656] [env]/Users/brien/urnetwork/config/local/db.yml[min_connections] = 4
I0915 13:34:32.501654   26229 env.go:656] [env]/Users/brien/urnetwork/config/local/db.yml[max_connections] = 16
I0915 13:34:32.501664   26229 db.go:210] [db]options = map[connect_timeout:30 pool_health_check_period:1s pool_max_conn_idle_time:60m pool_max_conn_lifetime:8h pool_max_conn_lifetime_jitter:15m pool_max_conns:16 pool_min_conns:4 sslmode:disable]
I0915 13:34:32.501753   26229 env.go:672] [env]/Users/brien/urnetwork/vault/local/pg.yml[user] = br***ur
I0915 13:34:32.501769   26229 env.go:672] [env]/Users/brien/urnetwork/vault/local/pg.yml[password] = pi***ur
I0915 13:34:32.501785   26229 env.go:705] [env]lookup env var "BRINGYOUR_POSTGRES_HOSTNAME"
I0915 13:34:32.501792   26229 env.go:672] [env]/Users/brien/urnetwork/vault/local/pg.yml[authority] = 10***32
I0915 13:34:32.501804   26229 env.go:672] [env]/Users/brien/urnetwork/vault/local/pg.yml[db] = br***ur
--- PASS: TestConnectH3 (61.11s)
=== RUN   TestConnectH1Encrypted
I0915 13:34:32.546147   26229 env.go:770] [env]try /Users/brien/urnetwork/vault, [pg.yml]
I0915 13:34:32.546670   26229 env.go:770] [env]try /Users/brien/urnetwork/vault/local, [pg.yml]
I0915 13:34:32.550762   26229 env.go:770] [env]try /Users/brien/urnetwork/vault/all, [pg.yml]
I0915 13:34:32.551014   26229 env.go:770] [env]try /Users/brien/urnetwork/vault, [redis.yml]
I0915 13:34:32.551076   26229 env.go:770] [env]try /Users/brien/urnetwork/vault/local, [redis.yml]
I0915 13:34:32.551123   26229 env.go:770] [env]try /Users/brien/urnetwork/vault/all, [redis.yml]
I0915 13:34:32.551171   26229 env.go:770] [env]try /Users/brien/urnetwork/config, [db.yml]
I0915 13:34:32.551469   26229 env.go:770] [env]try /Users/brien/urnetwork/config/local, [db.yml]
I0915 13:34:32.551558   26229 env.go:770] [env]try /Users/brien/urnetwork/config/all, [db.yml]
I0915 13:34:32.551616   26229 env.go:770] [env]try /Users/brien/urnetwork/config, [redis.yml]
I0915 13:34:32.551659   26229 env.go:770] [env]try /Users/brien/urnetwork/config/local, [redis.yml]
I0915 13:34:32.551693   26229 env.go:770] [env]try /Users/brien/urnetwork/config/all, [redis.yml]
I0915 13:34:32.551841   26229 env.go:705] [env]lookup env var "BRINGYOUR_POSTGRES_HOSTNAME"
I0915 13:34:32.551859   26229 env.go:672] [env]/Users/brien/urnetwork/vault/local/pg.yml[authority] = 10***32
I0915 13:34:32.551875   26229 env.go:672] [env]/Users/brien/urnetwork/vault/local/pg.yml[user] = br***ur
I0915 13:34:32.551892   26229 env.go:672] [env]/Users/brien/urnetwork/vault/local/pg.yml[password] = pi***ur
I0915 13:34:32.551908   26229 env.go:672] [env]/Users/brien/urnetwork/vault/local/pg.yml[db] = br***ur
I0915 13:34:32.551989   26229 env.go:705] [env]lookup env var "BRINGYOUR_REDIS_HOSTNAME"
I0915 13:34:32.552000   26229 env.go:672] [env]/Users/brien/urnetwork/vault/local/redis.yml[authority] = 10***79
I0915 13:34:32.552011   26229 env.go:672] [env]/Users/brien/urnetwork/vault/local/redis.yml[password] = ***
I0915 13:34:32.552023   26229 env.go:656] [env]/Users/brien/urnetwork/vault/local/redis.yml[db] = 0
I0915 13:34:32.552031   26229 env.go:640] [env]/Users/brien/urnetwork/vault/local/redis.yml[cluster] = false
I0915 13:34:32.552082   26229 env.go:656] [env]/Users/brien/urnetwork/config/local/db.yml[min_connections] = 4
I0915 13:34:32.552093   26229 env.go:656] [env]/Users/brien/urnetwork/config/local/db.yml[max_connections] = 16
I0915 13:34:32.552149   26229 env.go:656] [env]/Users/brien/urnetwork/config/local/redis.yml[min_connections] = 4
I0915 13:34:32.552159   26229 env.go:656] [env]/Users/brien/urnetwork/config/local/redis.yml[max_connections] = 16
I0915 13:34:32.564267   26229 env.go:770] [env]try /Users/brien/urnetwork/vault, [pg.yml]
I0915 13:34:32.564423   26229 env.go:770] [env]try /Users/brien/urnetwork/vault/local, [pg.yml]
I0915 13:34:32.564487   26229 env.go:770] [env]try /Users/brien/urnetwork/vault/all, [pg.yml]
I0915 13:34:32.564618   26229 env.go:770] [env]try /Users/brien/urnetwork/vault, [pg_maintenance.yml]
I0915 13:34:32.564680   26229 env.go:770] [env]try /Users/brien/urnetwork/vault/local, [pg_maintenance.yml]
I0915 13:34:32.564726   26229 env.go:770] [env]try /Users/brien/urnetwork/vault/all, [pg_maintenance.yml]
I0915 13:34:32.564777   26229 env.go:770] [env]try /Users/brien/urnetwork/vault, [redis.yml]
I0915 13:34:32.564825   26229 env.go:770] [env]try /Users/brien/urnetwork/vault/local, [redis.yml]
I0915 13:34:32.564869   26229 env.go:770] [env]try /Users/brien/urnetwork/vault/all, [redis.yml]
I0915 13:34:32.564988   26229 env.go:705] [env]lookup env var "BRINGYOUR_REDIS_HOSTNAME"
I0915 13:34:32.565002   26229 env.go:672] [env]/Users/brien/urnetwork/vault/local/redis.yml[authority] = 10***79
I0915 13:34:32.565019   26229 env.go:672] [env]/Users/brien/urnetwork/vault/local/redis.yml[password] = ***
I0915 13:34:32.565025   26229 env.go:656] [env]/Users/brien/urnetwork/vault/local/redis.yml[db] = 0
I0915 13:34:32.565032   26229 env.go:640] [env]/Users/brien/urnetwork/vault/local/redis.yml[cluster] = false
I0915 13:34:32.603250   26229 env.go:770] [env]try /Users/brien/urnetwork/vault, [pg.yml]
I0915 13:34:32.603390   26229 env.go:770] [env]try /Users/brien/urnetwork/vault/local, [pg.yml]
I0915 13:34:32.603460   26229 env.go:770] [env]try /Users/brien/urnetwork/vault/all, [pg.yml]
I0915 13:34:32.603512   26229 env.go:770] [env]try /Users/brien/urnetwork/vault, [pg_maintenance.yml]
I0915 13:34:32.603601   26229 env.go:770] [env]try /Users/brien/urnetwork/vault/local, [pg_maintenance.yml]
I0915 13:34:32.603650   26229 env.go:770] [env]try /Users/brien/urnetwork/vault/all, [pg_maintenance.yml]
I0915 13:34:32.603850   26229 env.go:770] [env]try /Users/brien/urnetwork/config, [db.yml]
I0915 13:34:32.604065   26229 env.go:770] [env]try /Users/brien/urnetwork/config/local, [db.yml]
I0915 13:34:32.604141   26229 env.go:770] [env]try /Users/brien/urnetwork/config/all, [db.yml]
I0915 13:34:32.604304   26229 env.go:770] [env]try /Users/brien/urnetwork/config, [db_maintenance.yml]
I0915 13:34:32.604353   26229 env.go:770] [env]try /Users/brien/urnetwork/config/local, [db_maintenance.yml]
I0915 13:34:32.604419   26229 env.go:770] [env]try /Users/brien/urnetwork/config/all, [db_maintenance.yml]
I0915 13:34:32.604554   26229 env.go:656] [env]/Users/brien/urnetwork/config/local/db.yml[min_connections] = 4
I0915 13:34:32.604576   26229 env.go:656] [env]/Users/brien/urnetwork/config/local/db.yml[max_connections] = 16
I0915 13:34:32.604590   26229 db.go:210] [db]options = map[connect_timeout:30 pool_health_check_period:1s pool_max_conn_idle_time:60m pool_max_conn_lifetime:8h pool_max_conn_lifetime_jitter:15m pool_max_conns:16 pool_min_conns:4 sslmode:disable]
I0915 13:34:32.604688   26229 env.go:672] [env]/Users/brien/urnetwork/vault/local/pg.yml[user] = br***ur
I0915 13:34:32.604704   26229 env.go:672] [env]/Users/brien/urnetwork/vault/local/pg.yml[password] = pi***ur
I0915 13:34:32.604721   26229 env.go:705] [env]lookup env var "BRINGYOUR_POSTGRES_HOSTNAME"
I0915 13:34:32.604728   26229 env.go:672] [env]/Users/brien/urnetwork/vault/local/pg.yml[authority] = 10***32
I0915 13:34:32.604741   26229 env.go:672] [env]/Users/brien/urnetwork/vault/local/pg.yml[db] = br***ur
I0915 13:34:32.617644   26229 env.go:770] [env]try /Users/brien/urnetwork/vault, [redis.yml]
I0915 13:34:32.617769   26229 env.go:770] [env]try /Users/brien/urnetwork/vault/local, [redis.yml]
I0915 13:34:32.617820   26229 env.go:770] [env]try /Users/brien/urnetwork/vault/all, [redis.yml]
I0915 13:34:32.618157   26229 env.go:770] [env]try /Users/brien/urnetwork/config, [redis.yml]
I0915 13:34:32.620295   26229 env.go:770] [env]try /Users/brien/urnetwork/config/local, [redis.yml]
I0915 13:34:32.620431   26229 env.go:770] [env]try /Users/brien/urnetwork/config/all, [redis.yml]
I0915 13:34:32.620562   26229 env.go:656] [env]/Users/brien/urnetwork/config/local/redis.yml[min_connections] = 4
I0915 13:34:32.620573   26229 env.go:656] [env]/Users/brien/urnetwork/config/local/redis.yml[max_connections] = 16
I0915 13:34:32.620624   26229 env.go:672] [env]/Users/brien/urnetwork/vault/local/redis.yml[authority] = 10***79
I0915 13:34:32.620641   26229 env.go:672] [env]/Users/brien/urnetwork/vault/local/redis.yml[password] = ***
I0915 13:34:32.620648   26229 env.go:640] [env]/Users/brien/urnetwork/vault/local/redis.yml[cluster] = false
I0915 13:34:32.620661   26229 env.go:672] [env]/Users/brien/urnetwork/vault/local/redis.yml[authority] = 10***79
I0915 13:34:32.620667   26229 env.go:656] [env]/Users/brien/urnetwork/vault/local/redis.yml[db] = 1
I0915 13:34:32.629154   26229 env.go:770] [env]try /Users/brien/urnetwork/vault, [pg.yml]
I0915 13:34:32.629275   26229 env.go:770] [env]try /Users/brien/urnetwork/vault/local, [pg.yml]
I0915 13:34:32.629329   26229 env.go:770] [env]try /Users/brien/urnetwork/vault/all, [pg.yml]
I0915 13:34:32.629402   26229 env.go:770] [env]try /Users/brien/urnetwork/vault, [pg_maintenance.yml]
I0915 13:34:32.629446   26229 env.go:770] [env]try /Users/brien/urnetwork/vault/local, [pg_maintenance.yml]
I0915 13:34:32.629512   26229 env.go:770] [env]try /Users/brien/urnetwork/vault/all, [pg_maintenance.yml]
I0915 13:34:32.629571   26229 env.go:770] [env]try /Users/brien/urnetwork/config, [db.yml]
I0915 13:34:32.629618   26229 env.go:770] [env]try /Users/brien/urnetwork/config/local, [db.yml]
I0915 13:34:32.629657   26229 env.go:770] [env]try /Users/brien/urnetwork/config/all, [db.yml]
I0915 13:34:32.629736   26229 env.go:770] [env]try /Users/brien/urnetwork/config, [db_maintenance.yml]
I0915 13:34:32.629792   26229 env.go:770] [env]try /Users/brien/urnetwork/config/local, [db_maintenance.yml]
I0915 13:34:32.629832   26229 env.go:770] [env]try /Users/brien/urnetwork/config/all, [db_maintenance.yml]
I0915 13:34:32.629972   26229 env.go:656] [env]/Users/brien/urnetwork/config/local/db.yml[min_connections] = 4
I0915 13:34:32.629985   26229 env.go:656] [env]/Users/brien/urnetwork/config/local/db.yml[max_connections] = 16
I0915 13:34:32.629997   26229 db.go:210] [db]options = map[connect_timeout:30 pool_health_check_period:1s pool_max_conn_idle_time:60m pool_max_conn_lifetime:8h pool_max_conn_lifetime_jitter:15m pool_max_conns:16 pool_min_conns:4 sslmode:disable]
I0915 13:34:32.630053   26229 env.go:672] [env]pg_maintenance.yml[user] = br***ur
I0915 13:34:32.630068   26229 env.go:672] [env]pg_maintenance.yml[password] = pi***ur
I0915 13:34:32.630107   26229 env.go:705] [env]lookup env var "BRINGYOUR_POSTGRES_HOSTNAME"
I0915 13:34:32.630115   26229 env.go:672] [env]pg_maintenance.yml[authority] = 10***32
I0915 13:34:32.630129   26229 env.go:672] [env]pg_maintenance.yml[db] = te***aa
I0915 13:34:34.039704   26229 env.go:770] [env]try /Users/brien/urnetwork/vault, [pg.yml]
I0915 13:34:34.039884   26229 env.go:770] [env]try /Users/brien/urnetwork/vault/local, [pg.yml]
I0915 13:34:34.039969   26229 env.go:770] [env]try /Users/brien/urnetwork/vault/all, [pg.yml]
I0915 13:34:34.040051   26229 env.go:770] [env]try /Users/brien/urnetwork/config, [db.yml]
I0915 13:34:34.040119   26229 env.go:770] [env]try /Users/brien/urnetwork/config/local, [db.yml]
I0915 13:34:34.040171   26229 env.go:770] [env]try /Users/brien/urnetwork/config/all, [db.yml]
I0915 13:34:34.040292   26229 env.go:656] [env]/Users/brien/urnetwork/config/local/db.yml[min_connections] = 4
I0915 13:34:34.040308   26229 env.go:656] [env]/Users/brien/urnetwork/config/local/db.yml[max_connections] = 16
I0915 13:34:34.040319   26229 db.go:210] [db]options = map[connect_timeout:30 pool_health_check_period:1s pool_max_conn_idle_time:60m pool_max_conn_lifetime:8h pool_max_conn_lifetime_jitter:15m pool_max_conns:16 pool_min_conns:4 sslmode:disable]
I0915 13:34:34.040379   26229 env.go:672] [env]/Users/brien/urnetwork/vault/local/pg.yml[user] = br***ur
I0915 13:34:34.040403   26229 env.go:672] [env]/Users/brien/urnetwork/vault/local/pg.yml[password] = pi***ur
I0915 13:34:34.040429   26229 env.go:705] [env]lookup env var "BRINGYOUR_POSTGRES_HOSTNAME"
I0915 13:34:34.040438   26229 env.go:672] [env]/Users/brien/urnetwork/vault/local/pg.yml[authority] = 10***32
I0915 13:34:34.040453   26229 env.go:672] [env]/Users/brien/urnetwork/vault/local/pg.yml[db] = te***aa
[progress]start TestConnectH1Encrypted
[transport mode]h1
I0915 13:34:38.506551   26229 env.go:770] [env]try /Users/brien/urnetwork/config, [tls.yml]
I0915 13:34:38.506970   26229 env.go:770] [env]try /Users/brien/urnetwork/vault, [redis.yml]
I0915 13:34:38.507203   26229 env.go:770] [env]try /Users/brien/urnetwork/config/local, [tls.yml]
I0915 13:34:38.507473   26229 env.go:770] [env]try /Users/brien/urnetwork/config/all, [tls.yml]
I0915 13:34:38.507911   26229 env.go:770] [env]try /Users/brien/urnetwork/vault/local, [redis.yml]
I0915 13:34:38.508204   26229 env.go:770] [env]try /Users/brien/urnetwork/vault/all, [redis.yml]
I0915 13:34:38.508246   26229 transport.go:1785] [c]h3 listener up transport=h3dns port=0 address=127.0.0.1:53328
I0915 13:34:38.508275   26229 transport.go:1785] [c]h3 listener up transport=h3 port=0 address=127.0.0.1:62503
I0915 13:34:38.508339   26229 env.go:770] [env]try /Users/brien/urnetwork/config, [tls.yml]
I0915 13:34:38.508355   26229 env.go:770] [env]try /Users/brien/urnetwork/vault, [redis.yml]
I0915 13:34:38.508445   26229 env.go:770] [env]try /Users/brien/urnetwork/vault/local, [redis.yml]
I0915 13:34:38.508457   26229 env.go:640] [env]/Users/brien/urnetwork/vault/local/redis.yml[cluster] = false
I0915 13:34:38.508445   26229 env.go:770] [env]try /Users/brien/urnetwork/config/local, [tls.yml]
I0915 13:34:38.508470   26229 env.go:656] [env]/Users/brien/urnetwork/vault/local/redis.yml[db] = 1
I0915 13:34:38.508513   26229 env.go:770] [env]try /Users/brien/urnetwork/vault/all, [redis.yml]
I0915 13:34:38.508530   26229 env.go:770] [env]try /Users/brien/urnetwork/config/all, [tls.yml]
I0915 13:34:38.508635   26229 env.go:640] [env]/Users/brien/urnetwork/vault/local/redis.yml[cluster] = false
I0915 13:34:38.508655   26229 env.go:656] [env]/Users/brien/urnetwork/vault/local/redis.yml[db] = 1
I0915 13:34:38.508714   26229 transport.go:1785] [c]h3 listener up transport=h3dns port=0 address=127.0.0.1:52838
I0915 13:34:38.508771   26229 env.go:770] [env]try /Users/brien/urnetwork/config, [tls.yml]
I0915 13:34:38.508783   26229 transport.go:1785] [c]h3 listener up transport=h3 port=0 address=127.0.0.1:55794
I0915 13:34:38.508805   26229 env.go:770] [env]try /Users/brien/urnetwork/vault, [redis.yml]
I0915 13:34:38.508834   26229 env.go:770] [env]try /Users/brien/urnetwork/config/local, [tls.yml]
I0915 13:34:38.508889   26229 env.go:770] [env]try /Users/brien/urnetwork/vault/local, [redis.yml]
I0915 13:34:38.508891   26229 env.go:770] [env]try /Users/brien/urnetwork/config/all, [tls.yml]
I0915 13:34:38.508951   26229 env.go:770] [env]try /Users/brien/urnetwork/vault/all, [redis.yml]
I0915 13:34:38.509001   26229 env.go:640] [env]/Users/brien/urnetwork/vault/local/redis.yml[cluster] = false
I0915 13:34:38.509008   26229 env.go:656] [env]/Users/brien/urnetwork/vault/local/redis.yml[db] = 1
I0915 13:34:38.509097   26229 transport.go:1785] [c]h3 listener up transport=h3dns port=0 address=127.0.0.1:63351
I0915 13:34:38.509117   26229 transport.go:1785] [c]h3 listener up transport=h3 port=0 address=127.0.0.1:54331
I0915 13:34:38.509170   26229 env.go:770] [env]try /Users/brien/urnetwork/config, [tls.yml]
I0915 13:34:38.509910   26229 env.go:770] [env]try /Users/brien/urnetwork/config/local, [tls.yml]
I0915 13:34:38.509994   26229 env.go:770] [env]try /Users/brien/urnetwork/config/all, [tls.yml]
I0915 13:34:38.510333   26229 env.go:770] [env]try /Users/brien/urnetwork/config, [tls.yml]
I0915 13:34:38.510391   26229 env.go:770] [env]try /Users/brien/urnetwork/config/local, [tls.yml]
I0915 13:34:38.510429   26229 env.go:770] [env]try /Users/brien/urnetwork/config/all, [tls.yml]
I0915 13:34:38.510634   26229 env.go:770] [env]try /Users/brien/urnetwork/config, [tls.yml]
I0915 13:34:38.510665   26229 env.go:770] [env]try /Users/brien/urnetwork/vault, [redis.yml]
I0915 13:34:38.510817   26229 env.go:770] [env]try /Users/brien/urnetwork/config/local, [tls.yml]
I0915 13:34:38.510859   26229 env.go:770] [env]try /Users/brien/urnetwork/vault, [redis.yml]
I0915 13:34:38.510897   26229 env.go:770] [env]try /Users/brien/urnetwork/config/all, [tls.yml]
I0915 13:34:38.510975   26229 transport.go:1785] [c]h3 listener up transport=h3dns port=0 address=127.0.0.1:54372
I0915 13:34:38.511240   26229 env.go:770] [env]try /Users/brien/urnetwork/config, [tls.yml]
I0915 13:34:38.510665   26229 env.go:770] [env]try /Users/brien/urnetwork/vault, [redis.yml]
I0915 13:34:38.511323   26229 env.go:770] [env]try /Users/brien/urnetwork/config/local, [tls.yml]
I0915 13:34:38.511347   26229 env.go:770] [env]try /Users/brien/urnetwork/vault/local, [redis.yml]
I0915 13:34:38.511366   26229 env.go:770] [env]try /Users/brien/urnetwork/config/all, [tls.yml]
I0915 13:34:38.512009   26229 env.go:770] [env]try /Users/brien/urnetwork/vault/local, [redis.yml]
I0915 13:34:38.512061   26229 transport.go:1785] [c]h3 listener up transport=h3 port=0 address=127.0.0.1:50539
I0915 13:34:38.512096   26229 env.go:770] [env]try /Users/brien/urnetwork/vault/local, [redis.yml]
I0915 13:34:38.512131   26229 env.go:770] [env]try /Users/brien/urnetwork/vault, [redis.yml]
I0915 13:34:38.512161   26229 env.go:770] [env]try /Users/brien/urnetwork/vault/all, [redis.yml]
I0915 13:34:38.512179   26229 transport.go:1785] [c]h3 listener up transport=h3dns port=0 address=127.0.0.1:56545
I0915 13:34:38.512199   26229 env.go:770] [env]try /Users/brien/urnetwork/vault/all, [redis.yml]
I0915 13:34:38.512212   26229 transport.go:1785] [c]h3 listener up transport=h3 port=0 address=127.0.0.1:54247
I0915 13:34:38.512244   26229 transport.go:1785] [c]h3 listener up transport=h3 port=0 address=127.0.0.1:49786
I0915 13:34:38.512259   26229 env.go:640] [env]/Users/brien/urnetwork/vault/local/redis.yml[cluster] = false
I0915 13:34:38.512268   26229 env.go:656] [env]/Users/brien/urnetwork/vault/local/redis.yml[db] = 1
I0915 13:34:38.512202   26229 env.go:770] [env]try /Users/brien/urnetwork/vault/local, [redis.yml]
I0915 13:34:38.512326   26229 transport.go:1785] [c]h3 listener up transport=h3dns port=0 address=127.0.0.1:50157
I0915 13:34:38.512339   26229 transport.go:1785] [c]h3 listener up transport=h3 port=0 address=127.0.0.1:50234
I0915 13:34:38.512261   26229 env.go:640] [env]/Users/brien/urnetwork/vault/local/redis.yml[cluster] = false
I0915 13:34:38.512361   26229 env.go:770] [env]try /Users/brien/urnetwork/vault/all, [redis.yml]
I0915 13:34:38.512362   26229 env.go:656] [env]/Users/brien/urnetwork/vault/local/redis.yml[db] = 1
I0915 13:34:38.512403   26229 env.go:770] [env]try /Users/brien/urnetwork/vault, [redis.yml]
I0915 13:34:38.512410   26229 env.go:770] [env]try /Users/brien/urnetwork/config, [tls.yml]
I0915 13:34:38.512455   26229 env.go:770] [env]try /Users/brien/urnetwork/vault/local, [redis.yml]
I0915 13:34:38.512407   26229 env.go:640] [env]/Users/brien/urnetwork/vault/local/redis.yml[cluster] = false
I0915 13:34:38.512499   26229 env.go:656] [env]/Users/brien/urnetwork/vault/local/redis.yml[db] = 1
I0915 13:34:38.512523   26229 env.go:770] [env]try /Users/brien/urnetwork/vault/all, [redis.yml]
I0915 13:34:38.512095   26229 transport.go:1785] [c]h3 listener up transport=h3dns port=0 address=127.0.0.1:55471
I0915 13:34:38.512302   26229 env.go:770] [env]try /Users/brien/urnetwork/vault/all, [redis.yml]
I0915 13:34:38.512584   26229 env.go:640] [env]/Users/brien/urnetwork/vault/local/redis.yml[cluster] = false
I0915 13:34:38.512505   26229 env.go:770] [env]try /Users/brien/urnetwork/config/local, [tls.yml]
I0915 13:34:38.512605   26229 env.go:640] [env]/Users/brien/urnetwork/vault/local/redis.yml[cluster] = false
I0915 13:34:38.512613   26229 env.go:656] [env]/Users/brien/urnetwork/vault/local/redis.yml[db] = 1
I0915 13:34:38.512592   26229 env.go:656] [env]/Users/brien/urnetwork/vault/local/redis.yml[db] = 1
I0915 13:34:38.512638   26229 env.go:770] [env]try /Users/brien/urnetwork/config/all, [tls.yml]
I0915 13:34:38.512821   26229 transport.go:1785] [c]h3 listener up transport=h3dns port=0 address=127.0.0.1:50691
I0915 13:34:38.512875   26229 transport.go:1785] [c]h3 listener up transport=h3 port=0 address=127.0.0.1:63803
I0915 13:34:38.512911   26229 env.go:770] [env]try /Users/brien/urnetwork/vault, [redis.yml]
I0915 13:34:38.512916   26229 env.go:770] [env]try /Users/brien/urnetwork/config, [tls.yml]
I0915 13:34:38.512978   26229 env.go:770] [env]try /Users/brien/urnetwork/vault/local, [redis.yml]
I0915 13:34:38.512985   26229 env.go:770] [env]try /Users/brien/urnetwork/config/local, [tls.yml]
I0915 13:34:38.513025   26229 env.go:770] [env]try /Users/brien/urnetwork/vault/all, [redis.yml]
I0915 13:34:38.513054   26229 env.go:770] [env]try /Users/brien/urnetwork/config/all, [tls.yml]
I0915 13:34:38.513076   26229 env.go:640] [env]/Users/brien/urnetwork/vault/local/redis.yml[cluster] = false
I0915 13:34:38.513085   26229 env.go:656] [env]/Users/brien/urnetwork/vault/local/redis.yml[db] = 1
I0915 13:34:38.513223   26229 env.go:770] [env]try /Users/brien/urnetwork/config, [tls.yml]
I0915 13:34:38.513268   26229 transport.go:1785] [c]h3 listener up transport=h3dns port=0 address=127.0.0.1:63650
I0915 13:34:38.513277   26229 env.go:770] [env]try /Users/brien/urnetwork/config/local, [tls.yml]
I0915 13:34:38.513299   26229 env.go:770] [env]try /Users/brien/urnetwork/vault, [redis.yml]
I0915 13:34:38.513350   26229 env.go:770] [env]try /Users/brien/urnetwork/vault/local, [redis.yml]
I0915 13:34:38.513362   26229 transport.go:1785] [c]h3 listener up transport=h3 port=0 address=127.0.0.1:58896
I0915 13:34:38.513397   26229 env.go:770] [env]try /Users/brien/urnetwork/vault/all, [redis.yml]
I0915 13:34:38.513448   26229 env.go:640] [env]/Users/brien/urnetwork/vault/local/redis.yml[cluster] = false
I0915 13:34:38.513457   26229 env.go:770] [env]try /Users/brien/urnetwork/config/all, [tls.yml]
I0915 13:34:38.513459   26229 env.go:656] [env]/Users/brien/urnetwork/vault/local/redis.yml[db] = 1
I0915 13:34:38.513606   26229 transport.go:1785] [c]h3 listener up transport=h3dns port=0 address=127.0.0.1:62548
I0915 13:34:38.513677   26229 transport.go:1785] [c]h3 listener up transport=h3 port=0 address=127.0.0.1:54645
I0915 13:34:38.632278   26229 network_client_controller.go:306] [ncc][01a0a659-8093-cfb5-914a-2e08c223f620]could not find client location. err = Unknown location type.
I0915 13:34:38.633398   26229 network_client_controller.go:306] [ncc][01a0a659-8093-cfb5-914a-2e08e3ad5c8f]could not find client location. err = Unknown location type.
[progress][1kib] burstSize=1 b=0
pause
unpause
new transport a
new transport a
new transport a
new transport a
new transport a
new transport a
unpause
I0915 13:34:38.785058   26229 network_client_controller.go:306] [ncc][01a0a659-813a-32b8-d8e8-36f5a55cda46]could not find client location. err = Unknown location type.
I0915 13:34:38.790397   26229 transfer_encrypt.go:2004] [tls]01a0a659-802a-e5a2-6157-684098e7917f server c=false 01a0a659-802a-e5a2-6157-683fcbcc8e19 peer identity proof verified — cipher is now usable
I0915 13:34:38.790413   26229 transfer_encrypt.go:2004] [tls]01a0a659-802a-e5a2-6157-683fcbcc8e19 client c=false 01a0a659-802a-e5a2-6157-684098e7917f peer identity proof verified — cipher is now usable
pause
unpause
new transport b
new transport b
new transport b
new transport b
new transport b
new transport b
unpause
I0915 13:34:39.233026   26229 transfer_encrypt.go:2004] [tls]01a0a659-802a-e5a2-6157-683fcbcc8e19 server c=false 01a0a659-802a-e5a2-6157-684098e7917f peer identity proof verified — cipher is now usable
I0915 13:34:39.233412   26229 transfer_encrypt.go:2004] [tls]01a0a659-802a-e5a2-6157-684098e7917f client c=false 01a0a659-802a-e5a2-6157-683fcbcc8e19 peer identity proof verified — cipher is now usable
I0915 13:34:39.237099   26229 network_client_controller.go:306] [ncc][01a0a659-82fc-3259-655b-7a8d80d97e6d]could not find client location. err = Unknown location type.
[progress][1kib] burstSize=1 b=1
pause
unpause
new transport a
new transport a
new transport a
new transport a
new transport a
new transport a
unpause
I0915 13:34:39.438139   26229 network_client_controller.go:306] [ncc][01a0a659-83c9-dd56-1c46-6b3affe78073]could not find client location. err = Unknown location type.
pause
unpause
new transport b
new transport b
new transport b
new transport b
new transport b
new transport b
unpause
[progress][1kib] burstSize=2 b=0
pause
I0915 13:34:39.801235   26229 network_client_controller.go:306] [ncc][01a0a659-8532-3ae8-1f2f-0bb0e22dba01]could not find client location. err = Unknown location type.
unpause
new transport a
new transport a
new transport a
new transport a
new transport a
new transport a
unpause
pause
I0915 13:34:39.991128   26229 network_client_controller.go:306] [ncc][01a0a659-85f2-bad5-055d-cb61b5982ac7]could not find client location. err = Unknown location type.
unpause
pause
I0915 13:34:40.116685   26229 network_client_controller.go:306] [ncc][01a0a659-8670-6a8f-be7c-64ac6f62cd59]could not find client location. err = Unknown location type.
unpause
new transport b
new transport b
new transport b
new transport b
new transport b
new transport b
I0915 13:34:40.576700   26229 network_client_controller.go:306] [ncc][01a0a659-883c-decc-71a7-52f5d498017c]could not find client location. err = Unknown location type.
I0915 13:34:40.601862   26229 network_client_controller.go:306] [ncc][01a0a659-8856-b5dd-25d4-b4004a7d55eb]could not find client location. err = Unknown location type.
unpause
pause
unpause
[progress][1kib] burstSize=2 b=1
pause
I0915 13:34:40.804880   26229 network_client_controller.go:306] [ncc][01a0a659-8920-ced0-41e2-7ecd39dd8cbd]could not find client location. err = Unknown location type.
unpause
new transport a
new transport a
new transport a
new transport a
new transport a
new transport a
I0915 13:34:41.090404   26229 network_client_controller.go:306] [ncc][01a0a659-8a3d-22de-8690-03332f4b4bba]could not find client location. err = Unknown location type.
I0915 13:34:41.419474   26229 network_client_controller.go:306] [ncc][01a0a659-8b86-45b5-75c0-337eaf033891]could not find client location. err = Unknown location type.
I0915 13:34:41.516486   26229 network_client_controller.go:306] [ncc][01a0a659-8be8-8562-97d3-a97c1c56ae83]could not find client location. err = Unknown location type.
unpause
pause
unpause
pause
unpause
new transport b
new transport b
new transport b
new transport b
new transport b
new transport b
I0915 13:34:41.839114   26229 network_client_controller.go:306] [ncc][01a0a659-8d2b-7bd8-bb70-7d767d731ed5]could not find client location. err = Unknown location type.
unpause
pause
I0915 13:34:42.050047   26229 network_client_controller.go:306] [ncc][01a0a659-8dfd-497c-dd34-b303051d2861]could not find client location. err = Unknown location type.
unpause
[progress][1kib] burstSize=3 b=0
pause
unpause
new transport a
new transport a
new transport a
new transport a
new transport a
new transport a
unpause
pause
I0915 13:34:42.347275   26229 network_client_controller.go:306] [ncc][01a0a659-8f26-94ac-4d0e-b9fe2f6aba91]could not find client location. err = Unknown location type.
unpause
unpause
pause
unpause
new transport b
new transport b
new transport b
new transport b
new transport b
new transport b
unpause
pause
I0915 13:34:42.646628   26229 network_client_controller.go:306] [ncc][01a0a659-9051-4f89-abbd-937596b45412]could not find client location. err = Unknown location type.
unpause
unpause
[progress][1kib] burstSize=3 b=1
pause
unpause
new transport a
new transport a
new transport a
new transport a
new transport a
new transport a
unpause
pause
I0915 13:34:43.212524   26229 network_client_controller.go:306] [ncc][01a0a659-9288-975a-e52f-d5d9d23bd307]could not find client location. err = Unknown location type.
unpause
unpause
pause
unpause
new transport b
new transport b
new transport b
new transport b
new transport b
new transport b
I0915 13:34:43.617937   26229 network_client_controller.go:306] [ncc][01a0a659-941e-645d-1384-7893a6591fba]could not find client location. err = Unknown location type.
unpause
pause
unpause
unpause
[progress][1kib] burstSize=4 b=0
pause
unpause
new transport a
new transport a
new transport a
new transport a
new transport a
new transport a
I0915 13:34:44.068150   26229 network_client_controller.go:306] [ncc][01a0a659-95e0-4aa5-a35b-6706f949e4a9]could not find client location. err = Unknown location type.
unpause
unpause
pause
I0915 13:34:44.176706   26229 network_client_controller.go:306] [ncc][01a0a659-964c-610a-fd42-2cab91274106]could not find client location. err = Unknown location type.
unpause
unpause
pause
I0915 13:34:44.491087   26229 network_client_controller.go:306] [ncc][01a0a659-9783-9374-9170-a5bfd340d7fa]could not find client location. err = Unknown location type.
unpause
new transport b
new transport b
new transport b
new transport b
new transport b
new transport b
unpause
unpause
pause
I0915 13:34:44.619908   26229 network_client_controller.go:306] [ncc][01a0a659-9807-3d2a-9aef-7fd5892ac462]could not find client location. err = Unknown location type.
unpause
unpause
[progress][1kib] burstSize=4 b=1
pause
I0915 13:34:44.929473   26229 network_client_controller.go:306] [ncc][01a0a659-993d-e23d-1a7b-2696a546cdee]could not find client location. err = Unknown location type.
unpause
new transport a
new transport a
new transport a
new transport a
new transport a
new transport a
I0915 13:34:45.120083   26229 network_client_controller.go:306] [ncc][01a0a659-99fc-1444-32aa-98d5913c5aa1]could not find client location. err = Unknown location type.
unpause
unpause
pause
I0915 13:34:45.247796   26229 network_client_controller.go:306] [ncc][01a0a659-9a7c-3c9b-ebe4-3b1c17f48112]could not find client location. err = Unknown location type.
unpause
unpause
pause
I0915 13:34:45.440857   26229 network_client_controller.go:306] [ncc][01a0a659-9b3a-4fae-91b9-9b3ed72ef44a]could not find client location. err = Unknown location type.
unpause
new transport b
new transport b
new transport b
new transport b
new transport b
new transport b
unpause
unpause
pause
I0915 13:34:45.624422   26229 network_client_controller.go:306] [ncc][01a0a659-9bf4-9fad-c04c-807cf188b3cf]could not find client location. err = Unknown location type.
unpause
unpause
[progress][1kib] burstSize=5 b=0
pause
unpause
new transport a
new transport a
new transport a
new transport a
new transport a
new transport a
I0915 13:34:45.808350   26229 network_client_controller.go:306] [ncc][01a0a659-9cab-b777-564b-00774b0ef7db]could not find client location. err = Unknown location type.
unpause
unpause
pause
unpause
unpause
unpause
pause
unpause
new transport b
new transport b
new transport b
new transport b
new transport b
new transport b
unpause
unpause
pause
I0915 13:34:46.238259   26229 network_client_controller.go:306] [ncc][01a0a659-9e59-cb73-5605-9a94fb76404d]could not find client location. err = Unknown location type.
unpause
unpause
unpause
[progress][1kib] burstSize=5 b=1
pause
unpause
new transport a
new transport a
new transport a
new transport a
new transport a
new transport a
unpause
unpause
pause
I0915 13:34:46.633336   26229 network_client_controller.go:306] [ncc][01a0a659-9fe3-48ba-d1cd-98adf333790e]could not find client location. err = Unknown location type.
I0915 13:34:46.701957   26229 network_client_controller.go:306] [ncc][01a0a659-a029-1822-0a7e-68c548d32dbf]could not find client location. err = Unknown location type.
I0915 13:34:46.800325   26229 network_client_controller.go:306] [ncc][01a0a659-a08c-b5ab-4b3e-bf9e4118e1d7]could not find client location. err = Unknown location type.
unpause
unpause
unpause
pause
unpause
new transport b
new transport b
new transport b
new transport b
new transport b
new transport b
unpause
unpause
pause
I0915 13:34:47.143426   26229 network_client_controller.go:306] [ncc][01a0a659-a1e2-5ff0-5243-f4906a8b9150]could not find client location. err = Unknown location type.
unpause
unpause
unpause
[progress][1kib] burstSize=6 b=0
pause
unpause
new transport a
new transport a
new transport a
new transport a
new transport a
new transport a
unpause
unpause
unpause
pause
I0915 13:34:47.371473   26229 network_client_controller.go:306] [ncc][01a0a659-a2c6-4d52-69c5-26aeec967646]could not find client location. err = Unknown location type.
unpause
unpause
unpause
pause
unpause
new transport b
new transport b
new transport b
new transport b
new transport b
new transport b
I0915 13:34:47.746202   26229 network_client_controller.go:306] [ncc][01a0a659-a43d-1d1e-7211-7b490bc984c9]could not find client location. err = Unknown location type.
unpause
unpause
unpause
pause
I0915 13:34:47.939051   26229 network_client_controller.go:306] [ncc][01a0a659-a4fe-a87c-11a0-2bc86437ec6d]could not find client location. err = Unknown location type.
unpause
unpause
unpause
[progress][1kib] burstSize=6 b=1
pause
I0915 13:34:48.085194   26229 network_client_controller.go:306] [ncc][01a0a659-a591-0ab6-1a5f-4a7f7f8ee422]could not find client location. err = Unknown location type.
unpause
new transport a
new transport a
new transport a
new transport a
new transport a
new transport a
I0915 13:34:48.093604   26229 network_client_controller.go:306] [ncc][01a0a659-a59a-316b-a879-22cd013bf3b2]could not find client location. err = Unknown location type.
unpause
unpause
unpause
pause
unpause
unpause
unpause
pause
unpause
new transport b
new transport b
new transport b
new transport b
new transport b
new transport b
I0915 13:34:48.574147   26229 network_client_controller.go:306] [ncc][01a0a659-a779-65b0-75a1-2c0892e76065]could not find client location. err = Unknown location type.
unpause
unpause
unpause
pause
unpause
unpause
unpause
I0915 13:34:48.835591   26229 network_client_controller.go:306] [ncc][01a0a659-a87f-dc53-bf34-32c6358a0e43]could not find client location. err = Unknown location type.
I0915 13:34:48.839557   26229 network_client_controller.go:306] [ncc][01a0a659-a884-cfa4-59f8-739d9b3a21ae]could not find client location. err = Unknown location type.
I0915 13:34:49.755295   26229 network_client_controller.go:306] [ncc][01a0a659-ac17-ab12-f25d-43eb97db665e]could not find client location. err = Unknown location type.
I0915 13:34:49.805778   26229 network_client_controller.go:306] [ncc][01a0a659-ac49-7732-3a82-e95d71bb6f56]could not find client location. err = Unknown location type.
I0915 13:34:50.498308   26229 network_client_controller.go:306] [ncc][01a0a659-aefe-fbbf-d158-b5ca6e68ef1c]could not find client location. err = Unknown location type.
I0915 13:34:50.669122   26229 network_client_controller.go:306] [ncc][01a0a659-afa9-21db-417e-56e2c8a89426]could not find client location. err = Unknown location type.
I0915 13:34:50.961595   26229 network_client_controller.go:306] [ncc][01a0a659-b0cd-0f12-1055-08318f3d7407]could not find client location. err = Unknown location type.
I0915 13:34:51.203746   26229 network_client_controller.go:306] [ncc][01a0a659-b1bf-2d06-607d-3ec5ca0eb782]could not find client location. err = Unknown location type.
I0915 13:34:51.363257   26229 network_client_controller.go:306] [ncc][01a0a659-b25f-2c6a-d6f4-665af1b478e7]could not find client location. err = Unknown location type.
I0915 13:34:51.889563   26229 network_client_controller.go:306] [ncc][01a0a659-b46d-40fc-ad65-8adc7820cbd0]could not find client location. err = Unknown location type.
Net nack dropped bytes = 0
I0915 13:34:58.665526   26229 env.go:770] [env]try /Users/brien/urnetwork/vault, [pg.yml]
I0915 13:34:58.667720   26229 env.go:770] [env]try /Users/brien/urnetwork/vault/local, [pg.yml]
I0915 13:34:58.668487   26229 env.go:770] [env]try /Users/brien/urnetwork/vault/all, [pg.yml]
I0915 13:34:58.669153   26229 env.go:770] [env]try /Users/brien/urnetwork/config, [db.yml]
I0915 13:34:58.669802   26229 env.go:770] [env]try /Users/brien/urnetwork/config/local, [db.yml]
I0915 13:34:58.670136   26229 env.go:770] [env]try /Users/brien/urnetwork/config/all, [db.yml]
I0915 13:34:58.670639   26229 env.go:656] [env]/Users/brien/urnetwork/config/local/db.yml[min_connections] = 4
I0915 13:34:58.670675   26229 env.go:656] [env]/Users/brien/urnetwork/config/local/db.yml[max_connections] = 16
I0915 13:34:58.670686   26229 db.go:210] [db]options = map[connect_timeout:30 pool_health_check_period:1s pool_max_conn_idle_time:60m pool_max_conn_lifetime:8h pool_max_conn_lifetime_jitter:15m pool_max_conns:16 pool_min_conns:4 sslmode:disable]
I0915 13:34:58.670821   26229 env.go:672] [env]/Users/brien/urnetwork/vault/local/pg.yml[user] = br***ur
I0915 13:34:58.670848   26229 env.go:672] [env]/Users/brien/urnetwork/vault/local/pg.yml[password] = pi***ur
I0915 13:34:58.670865   26229 env.go:705] [env]lookup env var "BRINGYOUR_POSTGRES_HOSTNAME"
I0915 13:34:58.670872   26229 env.go:672] [env]/Users/brien/urnetwork/vault/local/pg.yml[authority] = 10***32
I0915 13:34:58.670885   26229 env.go:672] [env]/Users/brien/urnetwork/vault/local/pg.yml[db] = br***ur
--- PASS: TestConnectH1Encrypted (26.17s)
=== RUN   TestConnectH3Encrypted
I0915 13:34:58.713143   26229 env.go:770] [env]try /Users/brien/urnetwork/vault, [pg.yml]
I0915 13:34:58.713295   26229 env.go:770] [env]try /Users/brien/urnetwork/vault/local, [pg.yml]
I0915 13:34:58.713368   26229 env.go:770] [env]try /Users/brien/urnetwork/vault/all, [pg.yml]
I0915 13:34:58.713425   26229 env.go:770] [env]try /Users/brien/urnetwork/vault, [redis.yml]
I0915 13:34:58.713467   26229 env.go:770] [env]try /Users/brien/urnetwork/vault/local, [redis.yml]
I0915 13:34:58.713507   26229 env.go:770] [env]try /Users/brien/urnetwork/vault/all, [redis.yml]
I0915 13:34:58.713549   26229 env.go:770] [env]try /Users/brien/urnetwork/config, [db.yml]
I0915 13:34:58.713659   26229 env.go:770] [env]try /Users/brien/urnetwork/config/local, [db.yml]
I0915 13:34:58.713711   26229 env.go:770] [env]try /Users/brien/urnetwork/config/all, [db.yml]
I0915 13:34:58.713766   26229 env.go:770] [env]try /Users/brien/urnetwork/config, [redis.yml]
I0915 13:34:58.713808   26229 env.go:770] [env]try /Users/brien/urnetwork/config/local, [redis.yml]
I0915 13:34:58.713847   26229 env.go:770] [env]try /Users/brien/urnetwork/config/all, [redis.yml]
I0915 13:34:58.713969   26229 env.go:705] [env]lookup env var "BRINGYOUR_POSTGRES_HOSTNAME"
I0915 13:34:58.713980   26229 env.go:672] [env]/Users/brien/urnetwork/vault/local/pg.yml[authority] = 10***32
I0915 13:34:58.714006   26229 env.go:672] [env]/Users/brien/urnetwork/vault/local/pg.yml[user] = br***ur
I0915 13:34:58.714019   26229 env.go:672] [env]/Users/brien/urnetwork/vault/local/pg.yml[password] = pi***ur
I0915 13:34:58.714032   26229 env.go:672] [env]/Users/brien/urnetwork/vault/local/pg.yml[db] = br***ur
I0915 13:34:58.714105   26229 env.go:705] [env]lookup env var "BRINGYOUR_REDIS_HOSTNAME"
I0915 13:34:58.714115   26229 env.go:672] [env]/Users/brien/urnetwork/vault/local/redis.yml[authority] = 10***79
I0915 13:34:58.714125   26229 env.go:672] [env]/Users/brien/urnetwork/vault/local/redis.yml[password] = ***
I0915 13:34:58.714129   26229 env.go:656] [env]/Users/brien/urnetwork/vault/local/redis.yml[db] = 0
I0915 13:34:58.714134   26229 env.go:640] [env]/Users/brien/urnetwork/vault/local/redis.yml[cluster] = false
I0915 13:34:58.714179   26229 env.go:656] [env]/Users/brien/urnetwork/config/local/db.yml[min_connections] = 4
I0915 13:34:58.714185   26229 env.go:656] [env]/Users/brien/urnetwork/config/local/db.yml[max_connections] = 16
I0915 13:34:58.714232   26229 env.go:656] [env]/Users/brien/urnetwork/config/local/redis.yml[min_connections] = 4
I0915 13:34:58.714237   26229 env.go:656] [env]/Users/brien/urnetwork/config/local/redis.yml[max_connections] = 16
I0915 13:34:58.724122   26229 env.go:770] [env]try /Users/brien/urnetwork/vault, [pg.yml]
I0915 13:34:58.724330   26229 env.go:770] [env]try /Users/brien/urnetwork/vault/local, [pg.yml]
I0915 13:34:58.724416   26229 env.go:770] [env]try /Users/brien/urnetwork/vault/all, [pg.yml]
I0915 13:34:58.724539   26229 env.go:770] [env]try /Users/brien/urnetwork/vault, [pg_maintenance.yml]
I0915 13:34:58.724587   26229 env.go:770] [env]try /Users/brien/urnetwork/vault/local, [pg_maintenance.yml]
I0915 13:34:58.724638   26229 env.go:770] [env]try /Users/brien/urnetwork/vault/all, [pg_maintenance.yml]
I0915 13:34:58.724687   26229 env.go:770] [env]try /Users/brien/urnetwork/vault, [redis.yml]
I0915 13:34:58.724732   26229 env.go:770] [env]try /Users/brien/urnetwork/vault/local, [redis.yml]
I0915 13:34:58.724775   26229 env.go:770] [env]try /Users/brien/urnetwork/vault/all, [redis.yml]
I0915 13:34:58.724890   26229 env.go:705] [env]lookup env var "BRINGYOUR_REDIS_HOSTNAME"
I0915 13:34:58.724904   26229 env.go:672] [env]/Users/brien/urnetwork/vault/local/redis.yml[authority] = 10***79
I0915 13:34:58.724918   26229 env.go:672] [env]/Users/brien/urnetwork/vault/local/redis.yml[password] = ***
I0915 13:34:58.724924   26229 env.go:656] [env]/Users/brien/urnetwork/vault/local/redis.yml[db] = 0
I0915 13:34:58.724929   26229 env.go:640] [env]/Users/brien/urnetwork/vault/local/redis.yml[cluster] = false
I0915 13:34:58.758715   26229 env.go:770] [env]try /Users/brien/urnetwork/vault, [pg.yml]
I0915 13:34:58.758915   26229 env.go:770] [env]try /Users/brien/urnetwork/vault/local, [pg.yml]
I0915 13:34:58.759044   26229 env.go:770] [env]try /Users/brien/urnetwork/vault/all, [pg.yml]
I0915 13:34:58.759109   26229 env.go:770] [env]try /Users/brien/urnetwork/vault, [pg_maintenance.yml]
I0915 13:34:58.759153   26229 env.go:770] [env]try /Users/brien/urnetwork/vault/local, [pg_maintenance.yml]
I0915 13:34:58.759195   26229 env.go:770] [env]try /Users/brien/urnetwork/vault/all, [pg_maintenance.yml]
I0915 13:34:58.759240   26229 env.go:770] [env]try /Users/brien/urnetwork/config, [db.yml]
I0915 13:34:58.759292   26229 env.go:770] [env]try /Users/brien/urnetwork/config/local, [db.yml]
I0915 13:34:58.759343   26229 env.go:770] [env]try /Users/brien/urnetwork/config/all, [db.yml]
I0915 13:34:58.759388   26229 env.go:770] [env]try /Users/brien/urnetwork/config, [db_maintenance.yml]
I0915 13:34:58.759431   26229 env.go:770] [env]try /Users/brien/urnetwork/config/local, [db_maintenance.yml]
I0915 13:34:58.759463   26229 env.go:770] [env]try /Users/brien/urnetwork/config/all, [db_maintenance.yml]
I0915 13:34:58.759565   26229 env.go:656] [env]/Users/brien/urnetwork/config/local/db.yml[min_connections] = 4
I0915 13:34:58.759577   26229 env.go:656] [env]/Users/brien/urnetwork/config/local/db.yml[max_connections] = 16
I0915 13:34:58.759585   26229 db.go:210] [db]options = map[connect_timeout:30 pool_health_check_period:1s pool_max_conn_idle_time:60m pool_max_conn_lifetime:8h pool_max_conn_lifetime_jitter:15m pool_max_conns:16 pool_min_conns:4 sslmode:disable]
I0915 13:34:58.759667   26229 env.go:672] [env]/Users/brien/urnetwork/vault/local/pg.yml[user] = br***ur
I0915 13:34:58.759686   26229 env.go:672] [env]/Users/brien/urnetwork/vault/local/pg.yml[password] = pi***ur
I0915 13:34:58.759707   26229 env.go:705] [env]lookup env var "BRINGYOUR_POSTGRES_HOSTNAME"
I0915 13:34:58.759715   26229 env.go:672] [env]/Users/brien/urnetwork/vault/local/pg.yml[authority] = 10***32
I0915 13:34:58.759727   26229 env.go:672] [env]/Users/brien/urnetwork/vault/local/pg.yml[db] = br***ur
I0915 13:34:58.769462   26229 env.go:770] [env]try /Users/brien/urnetwork/vault, [redis.yml]
I0915 13:34:58.769662   26229 env.go:770] [env]try /Users/brien/urnetwork/vault/local, [redis.yml]
I0915 13:34:58.769816   26229 env.go:770] [env]try /Users/brien/urnetwork/vault/all, [redis.yml]
I0915 13:34:58.769886   26229 env.go:770] [env]try /Users/brien/urnetwork/config, [redis.yml]
I0915 13:34:58.769932   26229 env.go:770] [env]try /Users/brien/urnetwork/config/local, [redis.yml]
I0915 13:34:58.769975   26229 env.go:770] [env]try /Users/brien/urnetwork/config/all, [redis.yml]
I0915 13:34:58.770087   26229 env.go:656] [env]/Users/brien/urnetwork/config/local/redis.yml[min_connections] = 4
I0915 13:34:58.770102   26229 env.go:656] [env]/Users/brien/urnetwork/config/local/redis.yml[max_connections] = 16
I0915 13:34:58.770151   26229 env.go:672] [env]/Users/brien/urnetwork/vault/local/redis.yml[authority] = 10***79
I0915 13:34:58.770166   26229 env.go:672] [env]/Users/brien/urnetwork/vault/local/redis.yml[password] = ***
I0915 13:34:58.770172   26229 env.go:640] [env]/Users/brien/urnetwork/vault/local/redis.yml[cluster] = false
I0915 13:34:58.770183   26229 env.go:672] [env]/Users/brien/urnetwork/vault/local/redis.yml[authority] = 10***79
I0915 13:34:58.770218   26229 env.go:656] [env]/Users/brien/urnetwork/vault/local/redis.yml[db] = 7
I0915 13:34:58.777287   26229 env.go:770] [env]try /Users/brien/urnetwork/vault, [pg.yml]
I0915 13:34:58.777448   26229 env.go:770] [env]try /Users/brien/urnetwork/vault/local, [pg.yml]
I0915 13:34:58.777514   26229 env.go:770] [env]try /Users/brien/urnetwork/vault/all, [pg.yml]
I0915 13:34:58.777613   26229 env.go:770] [env]try /Users/brien/urnetwork/vault, [pg_maintenance.yml]
I0915 13:34:58.777773   26229 env.go:770] [env]try /Users/brien/urnetwork/vault/local, [pg_maintenance.yml]
I0915 13:34:58.777858   26229 env.go:770] [env]try /Users/brien/urnetwork/vault/all, [pg_maintenance.yml]
I0915 13:34:58.777922   26229 env.go:770] [env]try /Users/brien/urnetwork/config, [db.yml]
I0915 13:34:58.777967   26229 env.go:770] [env]try /Users/brien/urnetwork/config/local, [db.yml]
I0915 13:34:58.778003   26229 env.go:770] [env]try /Users/brien/urnetwork/config/all, [db.yml]
I0915 13:34:58.778045   26229 env.go:770] [env]try /Users/brien/urnetwork/config, [db_maintenance.yml]
I0915 13:34:58.778086   26229 env.go:770] [env]try /Users/brien/urnetwork/config/local, [db_maintenance.yml]
I0915 13:34:58.778125   26229 env.go:770] [env]try /Users/brien/urnetwork/config/all, [db_maintenance.yml]
I0915 13:34:58.778223   26229 env.go:656] [env]/Users/brien/urnetwork/config/local/db.yml[min_connections] = 4
I0915 13:34:58.778234   26229 env.go:656] [env]/Users/brien/urnetwork/config/local/db.yml[max_connections] = 16
I0915 13:34:58.778242   26229 db.go:210] [db]options = map[connect_timeout:30 pool_health_check_period:1s pool_max_conn_idle_time:60m pool_max_conn_lifetime:8h pool_max_conn_lifetime_jitter:15m pool_max_conns:16 pool_min_conns:4 sslmode:disable]
I0915 13:34:58.778303   26229 env.go:672] [env]pg_maintenance.yml[user] = br***ur
I0915 13:34:58.778323   26229 env.go:672] [env]pg_maintenance.yml[password] = pi***ur
I0915 13:34:58.778341   26229 env.go:705] [env]lookup env var "BRINGYOUR_POSTGRES_HOSTNAME"
I0915 13:34:58.778347   26229 env.go:672] [env]pg_maintenance.yml[authority] = 10***32
I0915 13:34:58.778363   26229 env.go:672] [env]pg_maintenance.yml[db] = te***a8
I0915 13:34:59.811074   26229 env.go:770] [env]try /Users/brien/urnetwork/vault, [pg.yml]
I0915 13:34:59.812112   26229 env.go:770] [env]try /Users/brien/urnetwork/vault/local, [pg.yml]
I0915 13:34:59.812430   26229 env.go:770] [env]try /Users/brien/urnetwork/vault/all, [pg.yml]
I0915 13:34:59.812683   26229 env.go:770] [env]try /Users/brien/urnetwork/config, [db.yml]
I0915 13:34:59.813141   26229 env.go:770] [env]try /Users/brien/urnetwork/config/local, [db.yml]
I0915 13:34:59.813393   26229 env.go:770] [env]try /Users/brien/urnetwork/config/all, [db.yml]
I0915 13:34:59.813720   26229 env.go:656] [env]/Users/brien/urnetwork/config/local/db.yml[min_connections] = 4
I0915 13:34:59.813731   26229 env.go:656] [env]/Users/brien/urnetwork/config/local/db.yml[max_connections] = 16
I0915 13:34:59.813739   26229 db.go:210] [db]options = map[connect_timeout:30 pool_health_check_period:1s pool_max_conn_idle_time:60m pool_max_conn_lifetime:8h pool_max_conn_lifetime_jitter:15m pool_max_conns:16 pool_min_conns:4 sslmode:disable]
I0915 13:34:59.813796   26229 env.go:672] [env]/Users/brien/urnetwork/vault/local/pg.yml[user] = br***ur
I0915 13:34:59.813811   26229 env.go:672] [env]/Users/brien/urnetwork/vault/local/pg.yml[password] = pi***ur
I0915 13:34:59.813827   26229 env.go:705] [env]lookup env var "BRINGYOUR_POSTGRES_HOSTNAME"
I0915 13:34:59.813833   26229 env.go:672] [env]/Users/brien/urnetwork/vault/local/pg.yml[authority] = 10***32
I0915 13:34:59.813845   26229 env.go:672] [env]/Users/brien/urnetwork/vault/local/pg.yml[db] = te***a8
[progress]start TestConnectH3Encrypted
[transport mode]h3
I0915 13:35:04.797035   26229 env.go:770] [env]try /Users/brien/urnetwork/config, [tls.yml]
I0915 13:35:04.797358   26229 env.go:770] [env]try /Users/brien/urnetwork/vault, [redis.yml]
I0915 13:35:04.797595   26229 env.go:770] [env]try /Users/brien/urnetwork/config/local, [tls.yml]
I0915 13:35:04.797851   26229 env.go:770] [env]try /Users/brien/urnetwork/config/all, [tls.yml]
I0915 13:35:04.798310   26229 env.go:770] [env]try /Users/brien/urnetwork/vault/local, [redis.yml]
I0915 13:35:04.798511   26229 transport.go:1785] [c]h3 listener up transport=h3dns port=0 address=127.0.0.1:58936
I0915 13:35:04.798558   26229 env.go:770] [env]try /Users/brien/urnetwork/vault/all, [redis.yml]
I0915 13:35:04.798582   26229 transport.go:1785] [c]h3 listener up transport=h3 port=0 address=127.0.0.1:49714
I0915 13:35:04.798600   26229 env.go:770] [env]try /Users/brien/urnetwork/config, [tls.yml]
I0915 13:35:04.798613   26229 env.go:770] [env]try /Users/brien/urnetwork/vault, [redis.yml]
I0915 13:35:04.798702   26229 env.go:770] [env]try /Users/brien/urnetwork/vault/local, [redis.yml]
I0915 13:35:04.798713   26229 env.go:770] [env]try /Users/brien/urnetwork/config/local, [tls.yml]
I0915 13:35:04.798757   26229 env.go:770] [env]try /Users/brien/urnetwork/vault/all, [redis.yml]
I0915 13:35:04.798793   26229 env.go:770] [env]try /Users/brien/urnetwork/config/all, [tls.yml]
I0915 13:35:04.798877   26229 env.go:640] [env]/Users/brien/urnetwork/vault/local/redis.yml[cluster] = false
I0915 13:35:04.798898   26229 env.go:656] [env]/Users/brien/urnetwork/vault/local/redis.yml[db] = 7
I0915 13:35:04.798897   26229 env.go:640] [env]/Users/brien/urnetwork/vault/local/redis.yml[cluster] = false
I0915 13:35:04.798949   26229 env.go:656] [env]/Users/brien/urnetwork/vault/local/redis.yml[db] = 7
I0915 13:35:04.798964   26229 transport.go:1785] [c]h3 listener up transport=h3dns port=0 address=127.0.0.1:57936
I0915 13:35:04.798985   26229 transport.go:1785] [c]h3 listener up transport=h3 port=0 address=127.0.0.1:60381
I0915 13:35:04.799036   26229 env.go:770] [env]try /Users/brien/urnetwork/config, [tls.yml]
I0915 13:35:04.799061   26229 env.go:770] [env]try /Users/brien/urnetwork/vault, [redis.yml]
I0915 13:35:04.799098   26229 env.go:770] [env]try /Users/brien/urnetwork/config/local, [tls.yml]
I0915 13:35:04.799162   26229 env.go:770] [env]try /Users/brien/urnetwork/config/all, [tls.yml]
I0915 13:35:04.799176   26229 env.go:770] [env]try /Users/brien/urnetwork/vault/local, [redis.yml]
I0915 13:35:04.799259   26229 env.go:770] [env]try /Users/brien/urnetwork/vault/all, [redis.yml]
I0915 13:35:04.799312   26229 transport.go:1785] [c]h3 listener up transport=h3dns port=0 address=127.0.0.1:51703
I0915 13:35:04.799323   26229 transport.go:1785] [c]h3 listener up transport=h3 port=0 address=127.0.0.1:52069
I0915 13:35:04.799370   26229 env.go:640] [env]/Users/brien/urnetwork/vault/local/redis.yml[cluster] = false
I0915 13:35:04.799387   26229 env.go:656] [env]/Users/brien/urnetwork/vault/local/redis.yml[db] = 7
I0915 13:35:04.799430   26229 env.go:770] [env]try /Users/brien/urnetwork/config, [tls.yml]
I0915 13:35:04.799429   26229 env.go:770] [env]try /Users/brien/urnetwork/vault, [redis.yml]
I0915 13:35:04.799546   26229 env.go:770] [env]try /Users/brien/urnetwork/config/local, [tls.yml]
I0915 13:35:04.799581   26229 env.go:770] [env]try /Users/brien/urnetwork/vault/local, [redis.yml]
I0915 13:35:04.799588   26229 env.go:770] [env]try /Users/brien/urnetwork/config/all, [tls.yml]
I0915 13:35:04.799633   26229 env.go:770] [env]try /Users/brien/urnetwork/vault/all, [redis.yml]
I0915 13:35:04.799677   26229 env.go:640] [env]/Users/brien/urnetwork/vault/local/redis.yml[cluster] = false
I0915 13:35:04.799684   26229 env.go:656] [env]/Users/brien/urnetwork/vault/local/redis.yml[db] = 7
I0915 13:35:04.799711   26229 transport.go:1785] [c]h3 listener up transport=h3dns port=0 address=127.0.0.1:55927
I0915 13:35:04.799757   26229 transport.go:1785] [c]h3 listener up transport=h3 port=0 address=127.0.0.1:65090
I0915 13:35:04.799760   26229 env.go:770] [env]try /Users/brien/urnetwork/config, [tls.yml]
I0915 13:35:04.799790   26229 env.go:770] [env]try /Users/brien/urnetwork/vault, [redis.yml]
I0915 13:35:04.799811   26229 env.go:770] [env]try /Users/brien/urnetwork/config/local, [tls.yml]
I0915 13:35:04.799838   26229 env.go:770] [env]try /Users/brien/urnetwork/vault/local, [redis.yml]
I0915 13:35:04.799848   26229 env.go:770] [env]try /Users/brien/urnetwork/config/all, [tls.yml]
I0915 13:35:04.799881   26229 env.go:770] [env]try /Users/brien/urnetwork/vault/all, [redis.yml]
I0915 13:35:04.799928   26229 env.go:640] [env]/Users/brien/urnetwork/vault/local/redis.yml[cluster] = false
I0915 13:35:04.799935   26229 env.go:656] [env]/Users/brien/urnetwork/vault/local/redis.yml[db] = 7
I0915 13:35:04.799977   26229 transport.go:1785] [c]h3 listener up transport=h3dns port=0 address=127.0.0.1:63281
I0915 13:35:04.799985   26229 transport.go:1785] [c]h3 listener up transport=h3 port=0 address=127.0.0.1:56739
I0915 13:35:04.800076   26229 env.go:770] [env]try /Users/brien/urnetwork/config, [tls.yml]
I0915 13:35:04.800123   26229 env.go:770] [env]try /Users/brien/urnetwork/vault, [redis.yml]
I0915 13:35:04.800181   26229 env.go:770] [env]try /Users/brien/urnetwork/config/local, [tls.yml]
I0915 13:35:04.800214   26229 env.go:770] [env]try /Users/brien/urnetwork/vault/local, [redis.yml]
I0915 13:35:04.800236   26229 env.go:770] [env]try /Users/brien/urnetwork/config/all, [tls.yml]
I0915 13:35:04.800281   26229 env.go:770] [env]try /Users/brien/urnetwork/vault/all, [redis.yml]
I0915 13:35:04.800352   26229 env.go:640] [env]/Users/brien/urnetwork/vault/local/redis.yml[cluster] = false
I0915 13:35:04.800361   26229 env.go:656] [env]/Users/brien/urnetwork/vault/local/redis.yml[db] = 7
I0915 13:35:04.800410   26229 transport.go:1785] [c]h3 listener up transport=h3dns port=0 address=127.0.0.1:63953
I0915 13:35:04.800443   26229 transport.go:1785] [c]h3 listener up transport=h3 port=0 address=127.0.0.1:55392
I0915 13:35:04.800449   26229 env.go:770] [env]try /Users/brien/urnetwork/config, [tls.yml]
I0915 13:35:04.800493   26229 env.go:770] [env]try /Users/brien/urnetwork/vault, [redis.yml]
I0915 13:35:04.800536   26229 env.go:770] [env]try /Users/brien/urnetwork/config/local, [tls.yml]
I0915 13:35:04.800591   26229 env.go:770] [env]try /Users/brien/urnetwork/vault/local, [redis.yml]
I0915 13:35:04.800598   26229 env.go:770] [env]try /Users/brien/urnetwork/config/all, [tls.yml]
I0915 13:35:04.800676   26229 env.go:770] [env]try /Users/brien/urnetwork/vault/all, [redis.yml]
I0915 13:35:04.800750   26229 env.go:640] [env]/Users/brien/urnetwork/vault/local/redis.yml[cluster] = false
I0915 13:35:04.800760   26229 env.go:656] [env]/Users/brien/urnetwork/vault/local/redis.yml[db] = 7
I0915 13:35:04.800776   26229 transport.go:1785] [c]h3 listener up transport=h3dns port=0 address=127.0.0.1:51683
I0915 13:35:04.800814   26229 env.go:770] [env]try /Users/brien/urnetwork/config, [tls.yml]
I0915 13:35:04.800834   26229 transport.go:1785] [c]h3 listener up transport=h3 port=0 address=127.0.0.1:55226
I0915 13:35:04.800835   26229 env.go:770] [env]try /Users/brien/urnetwork/vault, [redis.yml]
I0915 13:35:04.800862   26229 env.go:770] [env]try /Users/brien/urnetwork/config/local, [tls.yml]
I0915 13:35:04.800903   26229 env.go:770] [env]try /Users/brien/urnetwork/config/all, [tls.yml]
I0915 13:35:04.800911   26229 env.go:770] [env]try /Users/brien/urnetwork/vault/local, [redis.yml]
I0915 13:35:04.800958   26229 env.go:770] [env]try /Users/brien/urnetwork/vault/all, [redis.yml]
I0915 13:35:04.801007   26229 env.go:640] [env]/Users/brien/urnetwork/vault/local/redis.yml[cluster] = false
I0915 13:35:04.801015   26229 env.go:656] [env]/Users/brien/urnetwork/vault/local/redis.yml[db] = 7
I0915 13:35:04.801291   26229 transport.go:1785] [c]h3 listener up transport=h3dns port=0 address=127.0.0.1:54968
I0915 13:35:04.801615   26229 env.go:770] [env]try /Users/brien/urnetwork/vault, [redis.yml]
I0915 13:35:04.801523   26229 transport.go:1785] [c]h3 listener up transport=h3 port=0 address=127.0.0.1:57396
I0915 13:35:04.801617   26229 env.go:770] [env]try /Users/brien/urnetwork/config, [tls.yml]
I0915 13:35:04.801845   26229 env.go:770] [env]try /Users/brien/urnetwork/config/local, [tls.yml]
I0915 13:35:04.801898   26229 env.go:770] [env]try /Users/brien/urnetwork/config/all, [tls.yml]
I0915 13:35:04.802122   26229 env.go:770] [env]try /Users/brien/urnetwork/config, [tls.yml]
I0915 13:35:04.802150   26229 transport.go:1785] [c]h3 listener up transport=h3dns port=0 address=127.0.0.1:59305
I0915 13:35:04.802187   26229 transport.go:1785] [c]h3 listener up transport=h3 port=0 address=127.0.0.1:52031
I0915 13:35:04.802191   26229 env.go:770] [env]try /Users/brien/urnetwork/config/local, [tls.yml]
I0915 13:35:04.802259   26229 env.go:770] [env]try /Users/brien/urnetwork/config/all, [tls.yml]
I0915 13:35:04.802257   26229 env.go:770] [env]try /Users/brien/urnetwork/vault, [redis.yml]
I0915 13:35:04.802504   26229 env.go:770] [env]try /Users/brien/urnetwork/vault/local, [redis.yml]
I0915 13:35:04.802427   26229 env.go:770] [env]try /Users/brien/urnetwork/vault/local, [redis.yml]
I0915 13:35:04.802630   26229 env.go:770] [env]try /Users/brien/urnetwork/vault/all, [redis.yml]
I0915 13:35:04.803374   26229 transport.go:1785] [c]h3 listener up transport=h3 port=0 address=127.0.0.1:59548
I0915 13:35:04.803496   26229 env.go:770] [env]try /Users/brien/urnetwork/vault/all, [redis.yml]
I0915 13:35:04.803567   26229 transport.go:1785] [c]h3 listener up transport=h3dns port=0 address=127.0.0.1:65370
I0915 13:35:04.803593   26229 env.go:640] [env]/Users/brien/urnetwork/vault/local/redis.yml[cluster] = false
I0915 13:35:04.803601   26229 env.go:656] [env]/Users/brien/urnetwork/vault/local/redis.yml[db] = 7
I0915 13:35:04.803651   26229 env.go:640] [env]/Users/brien/urnetwork/vault/local/redis.yml[cluster] = false
I0915 13:35:04.803686   26229 env.go:656] [env]/Users/brien/urnetwork/vault/local/redis.yml[db] = 7
I0915 13:35:04.884286   26229 transport_family.go:1480] [c]h3 connect to 127.0.0.1:55226 (127.0.0.1) local=0.0.0.0:60343 bound=false
I0915 13:35:04.884280   26229 transport_family.go:1480] [c]h3 connect to 127.0.0.1:55226 (127.0.0.1) local=0.0.0.0:62374 bound=false
I0915 13:35:04.884840   26229 tls.go:135] [tls]creating self-signed cert for 127.0.0.1
I0915 13:35:04.905190   26229 transport.go:1796] [c]h3 accept connection 127.0.0.1:55226
I0915 13:35:04.905258   26229 transport.go:1796] [c]h3 accept connection 127.0.0.1:55226
I0915 13:35:04.925475   26229 network_client_controller.go:306] [ncc][01a0a659-e752-9baa-f02c-0cd191e26ee4]could not find client location. err = Unknown location type.
I0915 13:35:04.927203   26229 network_client_controller.go:306] [ncc][01a0a659-e751-5fd1-bc51-b28fb39c135f]could not find client location. err = Unknown location type.
[progress][1kib] burstSize=1 b=0
pause
I0915 13:35:04.941556   26229 transport.go:1821] [c]h3 connection exited 127.0.0.1:55226
unpause
new transport a
new transport a
new transport a
new transport a
new transport a
new transport a
I0915 13:35:05.649687   26229 transport_family.go:1480] [c]h3 connect to 127.0.0.1:59548 (127.0.0.1) local=0.0.0.0:50676 bound=false
I0915 13:35:05.650301   26229 tls.go:135] [tls]creating self-signed cert for 127.0.0.1
I0915 13:35:05.750156   26229 transport_family.go:1480] [c]h3 connect to 127.0.0.1:57396 (127.0.0.1) local=0.0.0.0:50861 bound=false
I0915 13:35:05.750817   26229 tls.go:135] [tls]creating self-signed cert for 127.0.0.1
I0915 13:35:05.789521   26229 transport.go:1796] [c]h3 accept connection 127.0.0.1:59548
unpause
I0915 13:35:05.808795   26229 network_client_controller.go:306] [ncc][01a0a659-eac9-ac4b-231e-e88f1f54fb56]could not find client location. err = Unknown location type.
I0915 13:35:05.810873   26229 transfer_encrypt.go:2004] [tls]01a0a659-e6dc-477e-80aa-bcc8f7cd69a9 client c=false 01a0a659-e6dc-477e-80aa-bcc9cb106f0c peer identity proof verified — cipher is now usable
I0915 13:35:05.851075   26229 transport.go:1796] [c]h3 accept connection 127.0.0.1:57396
I0915 13:35:05.866455   26229 network_client_controller.go:306] [ncc][01a0a659-eb02-b709-17c7-0a26b23eb2ed]could not find client location. err = Unknown location type.
I0915 13:35:06.112238   26229 transfer_encrypt.go:2004] [tls]01a0a659-e6dc-477e-80aa-bcc9cb106f0c server c=false 01a0a659-e6dc-477e-80aa-bcc8f7cd69a9 peer identity proof verified — cipher is now usable
I0915 13:35:06.310687   26229 transport_family.go:1480] [c]h3 connect to 127.0.0.1:55392 (127.0.0.1) local=0.0.0.0:51454 bound=false
I0915 13:35:06.311367   26229 tls.go:135] [tls]creating self-signed cert for 127.0.0.1
I0915 13:35:06.411096   26229 transport.go:1796] [c]h3 accept connection 127.0.0.1:55392
I0915 13:35:06.422780   26229 network_client_controller.go:306] [ncc][01a0a659-ed32-34b6-497a-c0a6ac9cef02]could not find client location. err = Unknown location type.
B dropped nacks: 0 <> 6
pause
I0915 13:35:20.825560   26229 transport.go:1821] [c]h3 connection exited 127.0.0.1:57396
I0915 13:35:20.826048   26229 transport.go:1821] [c]h3 connection exited 127.0.0.1:55226
unpause
new transport b
new transport b
new transport b
new transport b
new transport b
new transport b
I0915 13:35:20.968648   26229 transport_family.go:1480] [c]h3 connect to 127.0.0.1:52069 (127.0.0.1) local=0.0.0.0:63390 bound=false
I0915 13:35:20.969230   26229 tls.go:135] [tls]creating self-signed cert for 127.0.0.1
I0915 13:35:20.984076   26229 transport.go:1796] [c]h3 accept connection 127.0.0.1:52069
I0915 13:35:20.996082   26229 network_client_controller.go:306] [ncc][01a0a65a-261f-b7c1-f112-93b7c16d2ef2]could not find client location. err = Unknown location type.
unpause
I0915 13:35:21.005341   26229 transfer_encrypt.go:2004] [tls]01a0a659-e6dc-477e-80aa-bcc9cb106f0c client c=false 01a0a659-e6dc-477e-80aa-bcc8f7cd69a9 peer identity proof verified — cipher is now usable
I0915 13:35:21.305574   26229 transfer_encrypt.go:2004] [tls]01a0a659-e6dc-477e-80aa-bcc8f7cd69a9 server c=false 01a0a659-e6dc-477e-80aa-bcc9cb106f0c peer identity proof verified — cipher is now usable
I0915 13:35:21.919803   26229 transport_family.go:1480] [c]h3 connect to 127.0.0.1:55392 (127.0.0.1) local=0.0.0.0:53840 bound=false
I0915 13:35:21.921873   26229 transport.go:1796] [c]h3 accept connection 127.0.0.1:55392
I0915 13:35:21.932962   26229 network_client_controller.go:306] [ncc][01a0a65a-29c8-f371-e9db-e3514ea9011d]could not find client location. err = Unknown location type.
I0915 13:35:35.825666   26229 transfer_encrypt.go:2004] [tls]01a0a659-e6dc-477e-80aa-bcc9cb106f0c server c=false 01a0a659-e6dc-477e-80aa-bcc8f7cd69a9 peer identity proof verified — cipher is now usable
I0915 13:35:35.826184   26229 transfer_encrypt.go:2004] [tls]01a0a659-e6dc-477e-80aa-bcc8f7cd69a9 client c=false 01a0a659-e6dc-477e-80aa-bcc9cb106f0c peer identity proof verified — cipher is now usable
A dropped nacks: 0 <> 6
[progress][1kib] burstSize=1 b=1
pause
I0915 13:35:36.021894   26229 transport.go:1821] [c]h3 connection exited 127.0.0.1:59548
I0915 13:35:36.022449   26229 transport.go:1821] [c]h3 connection exited 127.0.0.1:55392
unpause
new transport a
new transport a
new transport a
new transport a
new transport a
new transport a
I0915 13:35:36.142913   26229 transport_family.go:1480] [c]h3 connect to 127.0.0.1:65090 (127.0.0.1) local=0.0.0.0:65004 bound=false
I0915 13:35:36.143510   26229 tls.go:135] [tls]creating self-signed cert for 127.0.0.1
I0915 13:35:36.228329   26229 transport.go:1796] [c]h3 accept connection 127.0.0.1:65090
I0915 13:35:36.241064   26229 network_client_controller.go:306] [ncc][01a0a65a-61ac-84d5-7ec2-34a9f8ed0b97]could not find client location. err = Unknown location type.
unpause
I0915 13:35:37.101032   26229 transport_family.go:1480] [c]h3 connect to 127.0.0.1:65090 (127.0.0.1) local=0.0.0.0:52619 bound=false
I0915 13:35:37.103079   26229 transport.go:1796] [c]h3 accept connection 127.0.0.1:65090
I0915 13:35:37.115811   26229 network_client_controller.go:306] [ncc][01a0a65a-6516-f388-7b49-ee2619acb4f1]could not find client location. err = Unknown location type.
pause
I0915 13:35:37.835150   26229 transport.go:1821] [c]h3 connection exited 127.0.0.1:55392
I0915 13:35:37.838233   26229 transport.go:1821] [c]h3 connection exited 127.0.0.1:52069
unpause
new transport b
new transport b
new transport b
new transport b
new transport b
new transport b
I0915 13:35:37.889835   26229 transport_family.go:1480] [c]h3 connect to 127.0.0.1:57396 (127.0.0.1) local=0.0.0.0:54007 bound=false
I0915 13:35:37.891709   26229 transport.go:1796] [c]h3 accept connection 127.0.0.1:57396
unpause
I0915 13:35:37.908058   26229 network_client_controller.go:306] [ncc][01a0a65a-682b-93a1-f9fe-c502094fb169]could not find client location. err = Unknown location type.
I0915 13:35:38.604621   26229 transport_family.go:1480] [c]h3 connect to 127.0.0.1:59548 (127.0.0.1) local=0.0.0.0:52522 bound=false
I0915 13:35:38.606667   26229 transport.go:1796] [c]h3 accept connection 127.0.0.1:59548
I0915 13:35:38.617147   26229 network_client_controller.go:306] [ncc][01a0a65a-6af4-2256-a3f7-eecb09511aec]could not find client location. err = Unknown location type.
[progress][1kib] burstSize=2 b=0
pause
I0915 13:35:45.947754   26229 transport.go:1821] [c]h3 connection exited 127.0.0.1:65090
I0915 13:35:45.947765   26229 transport.go:1821] [c]h3 connection exited 127.0.0.1:65090
unpause
new transport a
new transport a
new transport a
new transport a
new transport a
new transport a
I0915 13:35:46.059609   26229 transport_family.go:1480] [c]h3 connect to 127.0.0.1:60381 (127.0.0.1) local=0.0.0.0:65422 bound=false
I0915 13:35:46.060277   26229 tls.go:135] [tls]creating self-signed cert for 127.0.0.1
I0915 13:35:46.208492   26229 transport.go:1796] [c]h3 accept connection 127.0.0.1:60381
I0915 13:35:46.219822   26229 network_client_controller.go:306] [ncc][01a0a65a-88a7-c5c7-df41-be82cb3c2eca]could not find client location. err = Unknown location type.
unpause
pause
unpause
pause
I0915 13:35:46.356901   26229 transport.go:1821] [c]h3 connection exited 127.0.0.1:57396
I0915 13:35:46.361340   26229 transport.go:1821] [c]h3 connection exited 127.0.0.1:59548
unpause
new transport b
new transport b
new transport b
new transport b
new transport b
new transport b
I0915 13:35:46.516989   26229 transport_family.go:1480] [c]h3 connect to 127.0.0.1:49714 (127.0.0.1) local=0.0.0.0:57205 bound=false
I0915 13:35:46.517659   26229 tls.go:135] [tls]creating self-signed cert for 127.0.0.1
I0915 13:35:46.592234   26229 transport.go:1796] [c]h3 accept connection 127.0.0.1:49714
unpause
pause
I0915 13:35:46.602803   26229 network_client_controller.go:306] [ncc][01a0a65a-8a26-599e-c116-a126aaa572c4]could not find client location. err = Unknown location type.
unpause
[progress][1kib] burstSize=2 b=1
pause
I0915 13:35:46.832615   26229 transport.go:1821] [c]h3 connection exited 127.0.0.1:60381
unpause
new transport a
new transport a
new transport a
new transport a
new transport a
new transport a
I0915 13:35:47.041170   26229 transport_family.go:1480] [c]h3 connect to 127.0.0.1:60381 (127.0.0.1) local=0.0.0.0:54883 bound=false
I0915 13:35:47.043219   26229 transport.go:1796] [c]h3 accept connection 127.0.0.1:60381
unpause
pause
I0915 13:35:47.053239   26229 network_client_controller.go:306] [ncc][01a0a65a-8be9-148b-c32c-812f3c279579]could not find client location. err = Unknown location type.
unpause
pause
I0915 13:35:47.176018   26229 transport.go:1821] [c]h3 connection exited 127.0.0.1:49714
I0915 13:35:47.198827   26229 transport_family.go:1480] [c]h3 connect to 127.0.0.1:55226 (127.0.0.1) local=0.0.0.0:56131 bound=false
I0915 13:35:47.200706   26229 transport.go:1796] [c]h3 accept connection 127.0.0.1:55226
I0915 13:35:47.210260   26229 network_client_controller.go:306] [ncc][01a0a65a-8c86-56f0-7b06-31d8359900a6]could not find client location. err = Unknown location type.
unpause
new transport b
new transport b
new transport b
new transport b
new transport b
new transport b
I0915 13:35:47.472184   26229 transport_family.go:1480] [c]h3 connect to 127.0.0.1:65090 (127.0.0.1) local=0.0.0.0:56042 bound=false
I0915 13:35:47.474268   26229 transport.go:1796] [c]h3 accept connection 127.0.0.1:65090
I0915 13:35:47.487437   26229 network_client_controller.go:306] [ncc][01a0a65a-8d9b-739d-0d45-cb59d13aefe3]could not find client location. err = Unknown location type.
unpause
pause
unpause
[progress][1kib] burstSize=3 b=0
pause
I0915 13:35:47.636421   26229 transport.go:1821] [c]h3 connection exited 127.0.0.1:55226
I0915 13:35:47.636951   26229 transport.go:1821] [c]h3 connection exited 127.0.0.1:60381
I0915 13:35:47.769185   26229 transport_family.go:1480] [c]h3 connect to 127.0.0.1:55226 (127.0.0.1) local=0.0.0.0:53789 bound=false
I0915 13:35:47.771222   26229 transport.go:1796] [c]h3 accept connection 127.0.0.1:55226
I0915 13:35:47.784633   26229 network_client_controller.go:306] [ncc][01a0a65a-8ec4-128e-38e6-e4c6fdc46d74]could not find client location. err = Unknown location type.
unpause
new transport a
new transport a
new transport a
new transport a
new transport a
new transport a
I0915 13:35:47.820015   26229 transport_family.go:1480] [c]h3 connect to 127.0.0.1:52031 (127.0.0.1) local=0.0.0.0:64736 bound=false
I0915 13:35:47.820539   26229 tls.go:135] [tls]creating self-signed cert for 127.0.0.1
I0915 13:35:47.903847   26229 transport.go:1796] [c]h3 accept connection 127.0.0.1:52031
unpause
pause
I0915 13:35:47.917760   26229 network_client_controller.go:306] [ncc][01a0a65a-8f49-1a23-c596-99d8845e7c00]could not find client location. err = Unknown location type.
unpause
unpause
pause
I0915 13:35:48.029177   26229 transport.go:1821] [c]h3 connection exited 127.0.0.1:55226
I0915 13:35:48.029764   26229 transport.go:1821] [c]h3 connection exited 127.0.0.1:65090
unpause
new transport b
new transport b
new transport b
new transport b
new transport b
new transport b
I0915 13:35:48.153754   26229 transport_family.go:1480] [c]h3 connect to 127.0.0.1:65090 (127.0.0.1) local=0.0.0.0:52596 bound=false
I0915 13:35:48.155664   26229 transport.go:1796] [c]h3 accept connection 127.0.0.1:65090
I0915 13:35:48.170250   26229 network_client_controller.go:306] [ncc][01a0a65a-9046-a644-be12-19c359d51d28]could not find client location. err = Unknown location type.
unpause
pause
unpause
unpause
[progress][1kib] burstSize=3 b=1
pause
I0915 13:35:48.325938   26229 transport.go:1821] [c]h3 connection exited 127.0.0.1:52031
unpause
new transport a
new transport a
new transport a
new transport a
new transport a
new transport a
I0915 13:35:48.541631   26229 transport_family.go:1480] [c]h3 connect to 127.0.0.1:59548 (127.0.0.1) local=0.0.0.0:49166 bound=false
I0915 13:35:48.543476   26229 transport.go:1796] [c]h3 accept connection 127.0.0.1:59548
I0915 13:35:48.557775   26229 network_client_controller.go:306] [ncc][01a0a65a-91c9-7a84-b3a4-df0bffd32f5c]could not find client location. err = Unknown location type.
unpause
pause
unpause
unpause
pause
I0915 13:35:48.731931   26229 transport.go:1821] [c]h3 connection exited 127.0.0.1:65090
I0915 13:35:48.867408   26229 transport_family.go:1480] [c]h3 connect to 127.0.0.1:59548 (127.0.0.1) local=0.0.0.0:57059 bound=false
I0915 13:35:48.869406   26229 transport.go:1796] [c]h3 accept connection 127.0.0.1:59548
unpause
new transport b
new transport b
new transport b
new transport b
new transport b
new transport b
I0915 13:35:48.873329   26229 transport_family.go:1480] [c]h3 connect to 127.0.0.1:65090 (127.0.0.1) local=0.0.0.0:52784 bound=false
I0915 13:35:48.875259   26229 transport.go:1796] [c]h3 accept connection 127.0.0.1:65090
unpause
pause
I0915 13:35:48.883470   26229 network_client_controller.go:306] [ncc][01a0a65a-930e-0b73-74ea-dc75edf58615]could not find client location. err = Unknown location type.
I0915 13:35:48.886882   26229 network_client_controller.go:306] [ncc][01a0a65a-9312-e713-e851-5631f348ce7e]could not find client location. err = Unknown location type.
unpause
unpause
I0915 13:35:49.303325   26229 transport_family.go:1480] [c]h3 connect to 127.0.0.1:52031 (127.0.0.1) local=0.0.0.0:59713 bound=false
I0915 13:35:49.305468   26229 transport.go:1796] [c]h3 accept connection 127.0.0.1:52031
I0915 13:35:49.316113   26229 network_client_controller.go:306] [ncc][01a0a65a-94bf-147f-16ab-9550ea136e40]could not find client location. err = Unknown location type.
[progress][1kib] burstSize=4 b=0
pause
I0915 13:35:49.397844   26229 transport.go:1821] [c]h3 connection exited 127.0.0.1:59548
I0915 13:35:49.398249   26229 transport.go:1821] [c]h3 connection exited 127.0.0.1:59548
unpause
new transport a
new transport a
new transport a
new transport a
new transport a
new transport a
I0915 13:35:49.729513   26229 transport_family.go:1480] [c]h3 connect to 127.0.0.1:56739 (127.0.0.1) local=0.0.0.0:63203 bound=false
I0915 13:35:49.730175   26229 tls.go:135] [tls]creating self-signed cert for 127.0.0.1
I0915 13:35:49.784908   26229 transport.go:1796] [c]h3 accept connection 127.0.0.1:56739
I0915 13:35:49.794907   26229 network_client_controller.go:306] [ncc][01a0a65a-969e-dce8-6653-3db66b595da4]could not find client location. err = Unknown location type.
unpause
unpause
pause
unpause
unpause
pause
I0915 13:35:49.905587   26229 transport.go:1821] [c]h3 connection exited 127.0.0.1:65090
I0915 13:35:49.905645   26229 transport.go:1821] [c]h3 connection exited 127.0.0.1:52031
I0915 13:35:50.061598   26229 transport_family.go:1480] [c]h3 connect to 127.0.0.1:56739 (127.0.0.1) local=0.0.0.0:55035 bound=false
I0915 13:35:50.063828   26229 transport.go:1796] [c]h3 accept connection 127.0.0.1:56739
I0915 13:35:50.073846   26229 network_client_controller.go:306] [ncc][01a0a65a-97b5-4300-2539-d37ba96502ab]could not find client location. err = Unknown location type.
unpause
new transport b
new transport b
new transport b
new transport b
new transport b
new transport b
I0915 13:35:50.148050   26229 transport_family.go:1480] [c]h3 connect to 127.0.0.1:49714 (127.0.0.1) local=0.0.0.0:58061 bound=false
I0915 13:35:50.150081   26229 transport.go:1796] [c]h3 accept connection 127.0.0.1:49714
unpause
unpause
pause
I0915 13:35:50.160703   26229 network_client_controller.go:306] [ncc][01a0a65a-980c-b62b-7b5c-287e1606e031]could not find client location. err = Unknown location type.
unpause
unpause
[progress][1kib] burstSize=4 b=1
pause
I0915 13:35:50.410272   26229 transport.go:1821] [c]h3 connection exited 127.0.0.1:56739
I0915 13:35:50.410683   26229 transport.go:1821] [c]h3 connection exited 127.0.0.1:56739
unpause
new transport a
new transport a
new transport a
new transport a
new transport a
new transport a
I0915 13:35:50.777552   26229 transport_family.go:1480] [c]h3 connect to 127.0.0.1:55392 (127.0.0.1) local=0.0.0.0:61676 bound=false
I0915 13:35:50.779616   26229 transport.go:1796] [c]h3 accept connection 127.0.0.1:55392
unpause
unpause
pause
I0915 13:35:50.791257   26229 network_client_controller.go:306] [ncc][01a0a65a-9a83-b68a-0e27-858aa3b9a168]could not find client location. err = Unknown location type.
unpause
unpause
pause
I0915 13:35:51.012165   26229 transport.go:1821] [c]h3 connection exited 127.0.0.1:49714
unpause
new transport b
new transport b
new transport b
new transport b
new transport b
new transport b
I0915 13:35:51.133280   26229 transport_family.go:1480] [c]h3 connect to 127.0.0.1:65090 (127.0.0.1) local=0.0.0.0:59055 bound=false
I0915 13:35:51.135181   26229 transport.go:1796] [c]h3 accept connection 127.0.0.1:65090
unpause
unpause
pause
I0915 13:35:51.147501   26229 network_client_controller.go:306] [ncc][01a0a65a-9be4-30c1-e22d-3817be178550]could not find client location. err = Unknown location type.
unpause
unpause
[progress][1kib] burstSize=5 b=0
pause
I0915 13:35:51.386847   26229 transport.go:1821] [c]h3 connection exited 127.0.0.1:55392
unpause
new transport a
new transport a
new transport a
new transport a
new transport a
new transport a
I0915 13:35:51.625077   26229 transport_family.go:1480] [c]h3 connect to 127.0.0.1:56739 (127.0.0.1) local=0.0.0.0:57931 bound=false
I0915 13:35:51.627141   26229 transport.go:1796] [c]h3 accept connection 127.0.0.1:56739
I0915 13:35:51.644134   26229 network_client_controller.go:306] [ncc][01a0a65a-9dd6-e12f-2dd8-555cbd45c318]could not find client location. err = Unknown location type.
unpause
unpause
pause
unpause
unpause
unpause
pause
I0915 13:35:51.902960   26229 transport.go:1821] [c]h3 connection exited 127.0.0.1:65090
unpause
new transport b
new transport b
new transport b
new transport b
new transport b
new transport b
I0915 13:35:52.143162   26229 transport_family.go:1480] [c]h3 connect to 127.0.0.1:65090 (127.0.0.1) local=0.0.0.0:65447 bound=false
I0915 13:35:52.145026   26229 transport.go:1796] [c]h3 accept connection 127.0.0.1:65090
unpause
unpause
pause
I0915 13:35:52.156012   26229 network_client_controller.go:306] [ncc][01a0a65a-9fd7-f75a-a39b-fc969367e34f]could not find client location. err = Unknown location type.
I0915 13:35:52.217255   26229 transport_family.go:1480] [c]h3 connect to 127.0.0.1:65090 (127.0.0.1) local=0.0.0.0:54971 bound=false
I0915 13:35:52.219133   26229 transport.go:1796] [c]h3 accept connection 127.0.0.1:65090
I0915 13:35:52.227618   26229 network_client_controller.go:306] [ncc][01a0a65a-a020-25b4-83d5-a7c0b2c9bcc5]could not find client location. err = Unknown location type.
unpause
unpause
unpause
[progress][1kib] burstSize=5 b=1
pause
I0915 13:35:52.361590   26229 transport.go:1821] [c]h3 connection exited 127.0.0.1:65090
I0915 13:35:52.362099   26229 transport.go:1821] [c]h3 connection exited 127.0.0.1:56739
unpause
new transport a
new transport a
new transport a
new transport a
new transport a
new transport a
I0915 13:35:52.961359   26229 transport_family.go:1480] [c]h3 connect to 127.0.0.1:59548 (127.0.0.1) local=0.0.0.0:53496 bound=false
I0915 13:35:52.963584   26229 transport.go:1796] [c]h3 accept connection 127.0.0.1:59548
I0915 13:35:52.974002   26229 network_client_controller.go:306] [ncc][01a0a65a-a30a-74b8-7665-6153c082ea77]could not find client location. err = Unknown location type.
I0915 13:35:53.072923   26229 transport_family.go:1480] [c]h3 connect to 127.0.0.1:57396 (127.0.0.1) local=0.0.0.0:64320 bound=false
I0915 13:35:53.074883   26229 transport.go:1796] [c]h3 accept connection 127.0.0.1:57396
I0915 13:35:53.086301   26229 network_client_controller.go:306] [ncc][01a0a65a-a379-d05b-654e-c73c3d3eee5c]could not find client location. err = Unknown location type.
unpause
unpause
pause
unpause
unpause
unpause
pause
I0915 13:35:53.278470   26229 transport.go:1821] [c]h3 connection exited 127.0.0.1:59548
I0915 13:35:53.282854   26229 transport.go:1821] [c]h3 connection exited 127.0.0.1:65090
unpause
new transport b
new transport b
new transport b
new transport b
new transport b
new transport b
I0915 13:35:53.726083   26229 transport_family.go:1480] [c]h3 connect to 127.0.0.1:49714 (127.0.0.1) local=0.0.0.0:52365 bound=false
I0915 13:35:53.728126   26229 transport.go:1796] [c]h3 accept connection 127.0.0.1:49714
unpause
unpause
pause
I0915 13:35:53.740313   26229 network_client_controller.go:306] [ncc][01a0a65a-a606-72b2-4128-e7d666467b24]could not find client location. err = Unknown location type.
I0915 13:35:53.835342   26229 transport_family.go:1480] [c]h3 connect to 127.0.0.1:55226 (127.0.0.1) local=0.0.0.0:59518 bound=false
I0915 13:35:53.837384   26229 transport.go:1796] [c]h3 accept connection 127.0.0.1:55226
I0915 13:35:53.848420   26229 network_client_controller.go:306] [ncc][01a0a65a-a673-12b3-fb9b-dc60894b7f14]could not find client location. err = Unknown location type.
unpause
unpause
unpause
[progress][1kib] burstSize=6 b=0
pause
I0915 13:35:53.974651   26229 transport.go:1821] [c]h3 connection exited 127.0.0.1:55226
I0915 13:35:53.975226   26229 transport.go:1821] [c]h3 connection exited 127.0.0.1:57396
I0915 13:35:54.053720   26229 transport_family.go:1480] [c]h3 connect to 127.0.0.1:49714 (127.0.0.1) local=0.0.0.0:58735 bound=false
I0915 13:35:54.055808   26229 transport.go:1796] [c]h3 accept connection 127.0.0.1:49714
I0915 13:35:54.066118   26229 network_client_controller.go:306] [ncc][01a0a65a-a74d-e551-1d7a-650f1ac2e1c3]could not find client location. err = Unknown location type.
unpause
new transport a
new transport a
new transport a
new transport a
new transport a
new transport a
I0915 13:35:54.232074   26229 transport_family.go:1480] [c]h3 connect to 127.0.0.1:55226 (127.0.0.1) local=0.0.0.0:51235 bound=false
I0915 13:35:54.234138   26229 transport.go:1796] [c]h3 accept connection 127.0.0.1:55226
unpause
unpause
unpause
pause
I0915 13:35:54.244186   26229 network_client_controller.go:306] [ncc][01a0a65a-a7ff-8ac7-6dc7-7b4f11973a81]could not find client location. err = Unknown location type.
unpause
unpause
unpause
pause
I0915 13:35:54.364948   26229 transport_family.go:1480] [c]h3 connect to 127.0.0.1:55392 (127.0.0.1) local=0.0.0.0:49465 bound=false
I0915 13:35:54.366827   26229 transport.go:1796] [c]h3 accept connection 127.0.0.1:55392
I0915 13:35:54.367706   26229 transport.go:1821] [c]h3 connection exited 127.0.0.1:49714
I0915 13:35:54.367775   26229 transport.go:1821] [c]h3 connection exited 127.0.0.1:49714
I0915 13:35:54.375617   26229 network_client_controller.go:306] [ncc][01a0a65a-a883-042e-ff70-3db77768f0db]could not find client location. err = Unknown location type.
unpause
new transport b
new transport b
new transport b
new transport b
new transport b
new transport b
I0915 13:35:54.545881   26229 transport_family.go:1480] [c]h3 connect to 127.0.0.1:55392 (127.0.0.1) local=0.0.0.0:55389 bound=false
I0915 13:35:54.548014   26229 transport.go:1796] [c]h3 accept connection 127.0.0.1:55392
unpause
unpause
unpause
pause
I0915 13:35:54.557302   26229 network_client_controller.go:306] [ncc][01a0a65a-a939-e9d4-bf94-b89dd5316a2e]could not find client location. err = Unknown location type.
unpause
unpause
unpause
[progress][1kib] burstSize=6 b=1
pause
I0915 13:35:54.686102   26229 transport.go:1821] [c]h3 connection exited 127.0.0.1:55392
I0915 13:35:54.686805   26229 transport.go:1821] [c]h3 connection exited 127.0.0.1:55226
unpause
new transport a
new transport a
new transport a
new transport a
new transport a
new transport a
I0915 13:35:54.806048   26229 transport_family.go:1480] [c]h3 connect to 127.0.0.1:49714 (127.0.0.1) local=0.0.0.0:50463 bound=false
I0915 13:35:54.807972   26229 transport.go:1796] [c]h3 accept connection 127.0.0.1:49714
unpause
unpause
unpause
pause
I0915 13:35:54.817315   26229 network_client_controller.go:306] [ncc][01a0a65a-aa3d-daf6-75ab-3e7e5f28cc51]could not find client location. err = Unknown location type.
unpause
unpause
unpause
pause
I0915 13:35:54.877924   26229 transport.go:1821] [c]h3 connection exited 127.0.0.1:55392
unpause
new transport b
new transport b
new transport b
new transport b
new transport b
new transport b
I0915 13:35:55.112371   26229 transport_family.go:1480] [c]h3 connect to 127.0.0.1:59548 (127.0.0.1) local=0.0.0.0:56553 bound=false
I0915 13:35:55.114392   26229 transport.go:1796] [c]h3 accept connection 127.0.0.1:59548
I0915 13:35:55.127514   26229 network_client_controller.go:306] [ncc][01a0a65a-ab72-8411-5b06-e2d52c24efe3]could not find client location. err = Unknown location type.
unpause
unpause
unpause
pause
unpause
unpause
unpause
I0915 13:35:55.324196   26229 transport_family.go:1480] [c]h3 connect to 127.0.0.1:55392 (127.0.0.1) local=0.0.0.0:62232 bound=false
I0915 13:35:55.326152   26229 transport.go:1796] [c]h3 accept connection 127.0.0.1:55392
I0915 13:35:55.337147   26229 network_client_controller.go:306] [ncc][01a0a65a-ac44-ddcc-7000-f5aaa9b3c580]could not find client location. err = Unknown location type.
I0915 13:35:55.531997   26229 transport_family.go:1480] [c]h3 connect to 127.0.0.1:56739 (127.0.0.1) local=0.0.0.0:56785 bound=false
I0915 13:35:55.534050   26229 transport.go:1796] [c]h3 accept connection 127.0.0.1:56739
I0915 13:35:55.546211   26229 network_client_controller.go:306] [ncc][01a0a65a-ad16-3fd6-496e-f82de0bebee3]could not find client location. err = Unknown location type.
I0915 13:36:00.002449   26229 transfer.go:4069] [c]ping
I0915 13:36:04.800111   26229 router_stats.go:159] [outerwerld][test][test] ++ net concurrent db connections            0.00
I0915 13:36:04.800115   26229 router_stats.go:159] [outerwerld][test][test] ++ net concurrent db connections            0.00
I0915 13:36:04.800068   26229 router_stats.go:159] [outerwerld][test][test] ++ net concurrent db connections            0.00
I0915 13:36:04.800426   26229 router_stats.go:159] [outerwerld][test][test] ++ net concurrent db connections            0.00
I0915 13:36:04.800536   26229 router_stats.go:159] [outerwerld][test][test] ++ net concurrent db connections            0.00
I0915 13:36:04.801016   26229 router_stats.go:159] [outerwerld][test][test] ++ net concurrent db connections            0.00
I0915 13:36:04.801409   26229 router_stats.go:159] [outerwerld][test][test] ++ net concurrent db connections            0.00
I0915 13:36:04.801996   26229 router_stats.go:159] [outerwerld][test][test] ++ net concurrent db connections            0.00
I0915 13:36:04.802862   26229 router_stats.go:159] [outerwerld][test][test] ++ net concurrent db connections            0.00
I0915 13:36:04.802997   26229 router_stats.go:159] [outerwerld][test][test] ++ net concurrent db connections            0.00
Net nack dropped bytes = 12288
I0915 13:36:05.332369   26229 transport.go:1821] [c]h3 connection exited 127.0.0.1:49714
I0915 13:36:05.332846   26229 transport.go:1821] [c]h3 connection exited 127.0.0.1:59548
I0915 13:36:05.332843   26229 transport.go:1821] [c]h3 connection exited 127.0.0.1:56739
I0915 13:36:05.332848   26229 transport.go:1821] [c]h3 connection exited 127.0.0.1:55392
I0915 13:36:05.338693   26229 env.go:770] [env]try /Users/brien/urnetwork/vault, [pg.yml]
I0915 13:36:05.339762   26229 env.go:770] [env]try /Users/brien/urnetwork/vault/local, [pg.yml]
I0915 13:36:05.341940   26229 env.go:770] [env]try /Users/brien/urnetwork/vault/all, [pg.yml]
I0915 13:36:05.342406   26229 env.go:770] [env]try /Users/brien/urnetwork/config, [db.yml]
I0915 13:36:05.343132   26229 env.go:770] [env]try /Users/brien/urnetwork/config/local, [db.yml]
I0915 13:36:05.343497   26229 env.go:770] [env]try /Users/brien/urnetwork/config/all, [db.yml]
I0915 13:36:05.343980   26229 env.go:656] [env]/Users/brien/urnetwork/config/local/db.yml[min_connections] = 4
I0915 13:36:05.344000   26229 env.go:656] [env]/Users/brien/urnetwork/config/local/db.yml[max_connections] = 16
I0915 13:36:05.344010   26229 db.go:210] [db]options = map[connect_timeout:30 pool_health_check_period:1s pool_max_conn_idle_time:60m pool_max_conn_lifetime:8h pool_max_conn_lifetime_jitter:15m pool_max_conns:16 pool_min_conns:4 sslmode:disable]
I0915 13:36:05.344104   26229 env.go:672] [env]/Users/brien/urnetwork/vault/local/pg.yml[user] = br***ur
I0915 13:36:05.344126   26229 env.go:672] [env]/Users/brien/urnetwork/vault/local/pg.yml[password] = pi***ur
I0915 13:36:05.344143   26229 env.go:705] [env]lookup env var "BRINGYOUR_POSTGRES_HOSTNAME"
I0915 13:36:05.344151   26229 env.go:672] [env]/Users/brien/urnetwork/vault/local/pg.yml[authority] = 10***32
I0915 13:36:05.344163   26229 env.go:672] [env]/Users/brien/urnetwork/vault/local/pg.yml[db] = br***ur
--- PASS: TestConnectH3Encrypted (66.68s)
=== RUN   TestConnectH1EncryptedAllowFallback
I0915 13:36:05.390432   26229 env.go:770] [env]try /Users/brien/urnetwork/vault, [pg.yml]
I0915 13:36:05.390553   26229 env.go:770] [env]try /Users/brien/urnetwork/vault/local, [pg.yml]
I0915 13:36:05.390613   26229 env.go:770] [env]try /Users/brien/urnetwork/vault/all, [pg.yml]
I0915 13:36:05.390662   26229 env.go:770] [env]try /Users/brien/urnetwork/vault, [redis.yml]
I0915 13:36:05.390701   26229 env.go:770] [env]try /Users/brien/urnetwork/vault/local, [redis.yml]
I0915 13:36:05.390742   26229 env.go:770] [env]try /Users/brien/urnetwork/vault/all, [redis.yml]
I0915 13:36:05.390782   26229 env.go:770] [env]try /Users/brien/urnetwork/config, [db.yml]
I0915 13:36:05.390825   26229 env.go:770] [env]try /Users/brien/urnetwork/config/local, [db.yml]
I0915 13:36:05.390861   26229 env.go:770] [env]try /Users/brien/urnetwork/config/all, [db.yml]
I0915 13:36:05.391311   26229 env.go:770] [env]try /Users/brien/urnetwork/config, [redis.yml]
I0915 13:36:05.391415   26229 env.go:770] [env]try /Users/brien/urnetwork/config/local, [redis.yml]
I0915 13:36:05.391457   26229 env.go:770] [env]try /Users/brien/urnetwork/config/all, [redis.yml]
I0915 13:36:05.391666   26229 env.go:705] [env]lookup env var "BRINGYOUR_POSTGRES_HOSTNAME"
I0915 13:36:05.391691   26229 env.go:672] [env]/Users/brien/urnetwork/vault/local/pg.yml[authority] = 10***32
I0915 13:36:05.391709   26229 env.go:672] [env]/Users/brien/urnetwork/vault/local/pg.yml[user] = br***ur
I0915 13:36:05.391723   26229 env.go:672] [env]/Users/brien/urnetwork/vault/local/pg.yml[password] = pi***ur
I0915 13:36:05.391739   26229 env.go:672] [env]/Users/brien/urnetwork/vault/local/pg.yml[db] = br***ur
I0915 13:36:05.391819   26229 env.go:705] [env]lookup env var "BRINGYOUR_REDIS_HOSTNAME"
I0915 13:36:05.391837   26229 env.go:672] [env]/Users/brien/urnetwork/vault/local/redis.yml[authority] = 10***79
I0915 13:36:05.391849   26229 env.go:672] [env]/Users/brien/urnetwork/vault/local/redis.yml[password] = ***
I0915 13:36:05.391855   26229 env.go:656] [env]/Users/brien/urnetwork/vault/local/redis.yml[db] = 0
I0915 13:36:05.391860   26229 env.go:640] [env]/Users/brien/urnetwork/vault/local/redis.yml[cluster] = false
I0915 13:36:05.391920   26229 env.go:656] [env]/Users/brien/urnetwork/config/local/db.yml[min_connections] = 4
I0915 13:36:05.391935   26229 env.go:656] [env]/Users/brien/urnetwork/config/local/db.yml[max_connections] = 16
I0915 13:36:05.392186   26229 env.go:656] [env]/Users/brien/urnetwork/config/local/redis.yml[min_connections] = 4
I0915 13:36:05.392205   26229 env.go:656] [env]/Users/brien/urnetwork/config/local/redis.yml[max_connections] = 16
I0915 13:36:05.403203   26229 env.go:770] [env]try /Users/brien/urnetwork/vault, [pg.yml]
I0915 13:36:05.403374   26229 env.go:770] [env]try /Users/brien/urnetwork/vault/local, [pg.yml]
I0915 13:36:05.403456   26229 env.go:770] [env]try /Users/brien/urnetwork/vault/all, [pg.yml]
I0915 13:36:05.403613   26229 env.go:770] [env]try /Users/brien/urnetwork/vault, [pg_maintenance.yml]
I0915 13:36:05.403676   26229 env.go:770] [env]try /Users/brien/urnetwork/vault/local, [pg_maintenance.yml]
I0915 13:36:05.403742   26229 env.go:770] [env]try /Users/brien/urnetwork/vault/all, [pg_maintenance.yml]
I0915 13:36:05.403785   26229 env.go:770] [env]try /Users/brien/urnetwork/vault, [redis.yml]
I0915 13:36:05.403827   26229 env.go:770] [env]try /Users/brien/urnetwork/vault/local, [redis.yml]
I0915 13:36:05.403870   26229 env.go:770] [env]try /Users/brien/urnetwork/vault/all, [redis.yml]
I0915 13:36:05.403970   26229 env.go:705] [env]lookup env var "BRINGYOUR_REDIS_HOSTNAME"
I0915 13:36:05.403982   26229 env.go:672] [env]/Users/brien/urnetwork/vault/local/redis.yml[authority] = 10***79
I0915 13:36:05.404002   26229 env.go:672] [env]/Users/brien/urnetwork/vault/local/redis.yml[password] = ***
I0915 13:36:05.404009   26229 env.go:656] [env]/Users/brien/urnetwork/vault/local/redis.yml[db] = 0
I0915 13:36:05.404015   26229 env.go:640] [env]/Users/brien/urnetwork/vault/local/redis.yml[cluster] = false
I0915 13:36:05.449159   26229 env.go:770] [env]try /Users/brien/urnetwork/vault, [pg.yml]
I0915 13:36:05.449321   26229 env.go:770] [env]try /Users/brien/urnetwork/vault/local, [pg.yml]
I0915 13:36:05.449396   26229 env.go:770] [env]try /Users/brien/urnetwork/vault/all, [pg.yml]
I0915 13:36:05.449458   26229 env.go:770] [env]try /Users/brien/urnetwork/vault, [pg_maintenance.yml]
I0915 13:36:05.449532   26229 env.go:770] [env]try /Users/brien/urnetwork/vault/local, [pg_maintenance.yml]
I0915 13:36:05.449573   26229 env.go:770] [env]try /Users/brien/urnetwork/vault/all, [pg_maintenance.yml]
I0915 13:36:05.449662   26229 env.go:770] [env]try /Users/brien/urnetwork/config, [db.yml]
I0915 13:36:05.449716   26229 env.go:770] [env]try /Users/brien/urnetwork/config/local, [db.yml]
I0915 13:36:05.449752   26229 env.go:770] [env]try /Users/brien/urnetwork/config/all, [db.yml]
I0915 13:36:05.449816   26229 env.go:770] [env]try /Users/brien/urnetwork/config, [db_maintenance.yml]
I0915 13:36:05.449861   26229 env.go:770] [env]try /Users/brien/urnetwork/config/local, [db_maintenance.yml]
I0915 13:36:05.449908   26229 env.go:770] [env]try /Users/brien/urnetwork/config/all, [db_maintenance.yml]
I0915 13:36:05.450254   26229 env.go:656] [env]/Users/brien/urnetwork/config/local/db.yml[min_connections] = 4
I0915 13:36:05.450262   26229 env.go:656] [env]/Users/brien/urnetwork/config/local/db.yml[max_connections] = 16
I0915 13:36:05.450270   26229 db.go:210] [db]options = map[connect_timeout:30 pool_health_check_period:1s pool_max_conn_idle_time:60m pool_max_conn_lifetime:8h pool_max_conn_lifetime_jitter:15m pool_max_conns:16 pool_min_conns:4 sslmode:disable]
I0915 13:36:05.450356   26229 env.go:672] [env]/Users/brien/urnetwork/vault/local/pg.yml[user] = br***ur
I0915 13:36:05.450372   26229 env.go:672] [env]/Users/brien/urnetwork/vault/local/pg.yml[password] = pi***ur
I0915 13:36:05.450388   26229 env.go:705] [env]lookup env var "BRINGYOUR_POSTGRES_HOSTNAME"
I0915 13:36:05.450393   26229 env.go:672] [env]/Users/brien/urnetwork/vault/local/pg.yml[authority] = 10***32
I0915 13:36:05.450402   26229 env.go:672] [env]/Users/brien/urnetwork/vault/local/pg.yml[db] = br***ur
I0915 13:36:05.461676   26229 env.go:770] [env]try /Users/brien/urnetwork/vault, [redis.yml]
I0915 13:36:05.461983   26229 env.go:770] [env]try /Users/brien/urnetwork/vault/local, [redis.yml]
I0915 13:36:05.465428   26229 env.go:770] [env]try /Users/brien/urnetwork/vault/all, [redis.yml]
I0915 13:36:05.465689   26229 env.go:770] [env]try /Users/brien/urnetwork/config, [redis.yml]
I0915 13:36:05.465780   26229 env.go:770] [env]try /Users/brien/urnetwork/config/local, [redis.yml]
I0915 13:36:05.465827   26229 env.go:770] [env]try /Users/brien/urnetwork/config/all, [redis.yml]
I0915 13:36:05.465930   26229 env.go:656] [env]/Users/brien/urnetwork/config/local/redis.yml[min_connections] = 4
I0915 13:36:05.465940   26229 env.go:656] [env]/Users/brien/urnetwork/config/local/redis.yml[max_connections] = 16
I0915 13:36:05.465983   26229 env.go:672] [env]/Users/brien/urnetwork/vault/local/redis.yml[authority] = 10***79
I0915 13:36:05.465999   26229 env.go:672] [env]/Users/brien/urnetwork/vault/local/redis.yml[password] = ***
I0915 13:36:05.466005   26229 env.go:640] [env]/Users/brien/urnetwork/vault/local/redis.yml[cluster] = false
I0915 13:36:05.466017   26229 env.go:672] [env]/Users/brien/urnetwork/vault/local/redis.yml[authority] = 10***79
I0915 13:36:05.466022   26229 env.go:656] [env]/Users/brien/urnetwork/vault/local/redis.yml[db] = 13
I0915 13:36:05.470938   26229 env.go:770] [env]try /Users/brien/urnetwork/vault, [pg.yml]
I0915 13:36:05.471096   26229 env.go:770] [env]try /Users/brien/urnetwork/vault/local, [pg.yml]
I0915 13:36:05.471200   26229 env.go:770] [env]try /Users/brien/urnetwork/vault/all, [pg.yml]
I0915 13:36:05.471260   26229 env.go:770] [env]try /Users/brien/urnetwork/vault, [pg_maintenance.yml]
I0915 13:36:05.471310   26229 env.go:770] [env]try /Users/brien/urnetwork/vault/local, [pg_maintenance.yml]
I0915 13:36:05.471357   26229 env.go:770] [env]try /Users/brien/urnetwork/vault/all, [pg_maintenance.yml]
I0915 13:36:05.471408   26229 env.go:770] [env]try /Users/brien/urnetwork/config, [db.yml]
I0915 13:36:05.471452   26229 env.go:770] [env]try /Users/brien/urnetwork/config/local, [db.yml]
I0915 13:36:05.471489   26229 env.go:770] [env]try /Users/brien/urnetwork/config/all, [db.yml]
I0915 13:36:05.471533   26229 env.go:770] [env]try /Users/brien/urnetwork/config, [db_maintenance.yml]
I0915 13:36:05.471571   26229 env.go:770] [env]try /Users/brien/urnetwork/config/local, [db_maintenance.yml]
I0915 13:36:05.471620   26229 env.go:770] [env]try /Users/brien/urnetwork/config/all, [db_maintenance.yml]
I0915 13:36:05.471724   26229 env.go:656] [env]/Users/brien/urnetwork/config/local/db.yml[min_connections] = 4
I0915 13:36:05.471741   26229 env.go:656] [env]/Users/brien/urnetwork/config/local/db.yml[max_connections] = 16
I0915 13:36:05.471749   26229 db.go:210] [db]options = map[connect_timeout:30 pool_health_check_period:1s pool_max_conn_idle_time:60m pool_max_conn_lifetime:8h pool_max_conn_lifetime_jitter:15m pool_max_conns:16 pool_min_conns:4 sslmode:disable]
I0915 13:36:05.471799   26229 env.go:672] [env]pg_maintenance.yml[user] = br***ur
I0915 13:36:05.471817   26229 env.go:672] [env]pg_maintenance.yml[password] = pi***ur
I0915 13:36:05.471833   26229 env.go:705] [env]lookup env var "BRINGYOUR_POSTGRES_HOSTNAME"
I0915 13:36:05.471838   26229 env.go:672] [env]pg_maintenance.yml[authority] = 10***32
I0915 13:36:05.471849   26229 env.go:672] [env]pg_maintenance.yml[db] = te***45
I0915 13:36:06.561711   26229 env.go:770] [env]try /Users/brien/urnetwork/vault, [pg.yml]
I0915 13:36:06.562664   26229 env.go:770] [env]try /Users/brien/urnetwork/vault/local, [pg.yml]
I0915 13:36:06.562929   26229 env.go:770] [env]try /Users/brien/urnetwork/vault/all, [pg.yml]
I0915 13:36:06.563122   26229 env.go:770] [env]try /Users/brien/urnetwork/config, [db.yml]
I0915 13:36:06.563609   26229 env.go:770] [env]try /Users/brien/urnetwork/config/local, [db.yml]
I0915 13:36:06.563862   26229 env.go:770] [env]try /Users/brien/urnetwork/config/all, [db.yml]
I0915 13:36:06.564183   26229 env.go:656] [env]/Users/brien/urnetwork/config/local/db.yml[min_connections] = 4
I0915 13:36:06.564194   26229 env.go:656] [env]/Users/brien/urnetwork/config/local/db.yml[max_connections] = 16
I0915 13:36:06.564204   26229 db.go:210] [db]options = map[connect_timeout:30 pool_health_check_period:1s pool_max_conn_idle_time:60m pool_max_conn_lifetime:8h pool_max_conn_lifetime_jitter:15m pool_max_conns:16 pool_min_conns:4 sslmode:disable]
I0915 13:36:06.564254   26229 env.go:672] [env]/Users/brien/urnetwork/vault/local/pg.yml[user] = br***ur
I0915 13:36:06.564271   26229 env.go:672] [env]/Users/brien/urnetwork/vault/local/pg.yml[password] = pi***ur
I0915 13:36:06.564286   26229 env.go:705] [env]lookup env var "BRINGYOUR_POSTGRES_HOSTNAME"
I0915 13:36:06.564293   26229 env.go:672] [env]/Users/brien/urnetwork/vault/local/pg.yml[authority] = 10***32
I0915 13:36:06.564304   26229 env.go:672] [env]/Users/brien/urnetwork/vault/local/pg.yml[db] = te***45
[progress]start TestConnectH1EncryptedAllowFallback
[transport mode]h1
I0915 13:36:11.539408   26229 env.go:770] [env]try /Users/brien/urnetwork/config, [tls.yml]
I0915 13:36:11.539980   26229 env.go:770] [env]try /Users/brien/urnetwork/vault, [redis.yml]
I0915 13:36:11.540089   26229 env.go:770] [env]try /Users/brien/urnetwork/config/local, [tls.yml]
I0915 13:36:11.540487   26229 env.go:770] [env]try /Users/brien/urnetwork/config/all, [tls.yml]
I0915 13:36:11.541080   26229 env.go:770] [env]try /Users/brien/urnetwork/vault/local, [redis.yml]
I0915 13:36:11.541124   26229 transport.go:1785] [c]h3 listener up transport=h3 port=0 address=127.0.0.1:49510
I0915 13:36:11.541114   26229 transport.go:1785] [c]h3 listener up transport=h3dns port=0 address=127.0.0.1:56907
I0915 13:36:11.541173   26229 env.go:770] [env]try /Users/brien/urnetwork/config, [tls.yml]
I0915 13:36:11.541209   26229 env.go:770] [env]try /Users/brien/urnetwork/vault, [redis.yml]
I0915 13:36:11.541245   26229 env.go:770] [env]try /Users/brien/urnetwork/config/local, [tls.yml]
I0915 13:36:11.541300   26229 env.go:770] [env]try /Users/brien/urnetwork/config/all, [tls.yml]
I0915 13:36:11.541335   26229 env.go:770] [env]try /Users/brien/urnetwork/vault/all, [redis.yml]
I0915 13:36:11.541451   26229 transport.go:1785] [c]h3 listener up transport=h3dns port=0 address=127.0.0.1:61228
I0915 13:36:11.541490   26229 env.go:770] [env]try /Users/brien/urnetwork/config, [tls.yml]
I0915 13:36:11.541337   26229 env.go:770] [env]try /Users/brien/urnetwork/vault/local, [redis.yml]
I0915 13:36:11.541521   26229 env.go:770] [env]try /Users/brien/urnetwork/vault, [redis.yml]
I0915 13:36:11.541542   26229 env.go:640] [env]/Users/brien/urnetwork/vault/local/redis.yml[cluster] = false
I0915 13:36:11.541556   26229 env.go:656] [env]/Users/brien/urnetwork/vault/local/redis.yml[db] = 13
I0915 13:36:11.541587   26229 env.go:770] [env]try /Users/brien/urnetwork/vault/local, [redis.yml]
I0915 13:36:11.541550   26229 env.go:770] [env]try /Users/brien/urnetwork/config/local, [tls.yml]
I0915 13:36:11.541634   26229 env.go:770] [env]try /Users/brien/urnetwork/vault/all, [redis.yml]
I0915 13:36:11.541652   26229 env.go:770] [env]try /Users/brien/urnetwork/config/all, [tls.yml]
I0915 13:36:11.541665   26229 transport.go:1785] [c]h3 listener up transport=h3 port=0 address=127.0.0.1:58004
I0915 13:36:11.541596   26229 env.go:770] [env]try /Users/brien/urnetwork/vault/all, [redis.yml]
I0915 13:36:11.541683   26229 env.go:640] [env]/Users/brien/urnetwork/vault/local/redis.yml[cluster] = false
I0915 13:36:11.541690   26229 env.go:656] [env]/Users/brien/urnetwork/vault/local/redis.yml[db] = 13
I0915 13:36:11.541740   26229 env.go:640] [env]/Users/brien/urnetwork/vault/local/redis.yml[cluster] = false
I0915 13:36:11.541747   26229 env.go:656] [env]/Users/brien/urnetwork/vault/local/redis.yml[db] = 13
I0915 13:36:11.541832   26229 transport.go:1785] [c]h3 listener up transport=h3dns port=0 address=127.0.0.1:62896
I0915 13:36:11.541905   26229 transport.go:1785] [c]h3 listener up transport=h3 port=0 address=127.0.0.1:62209
I0915 13:36:11.542048   26229 env.go:770] [env]try /Users/brien/urnetwork/config, [tls.yml]
I0915 13:36:11.542071   26229 env.go:770] [env]try /Users/brien/urnetwork/vault, [redis.yml]
I0915 13:36:11.542134   26229 env.go:770] [env]try /Users/brien/urnetwork/vault/local, [redis.yml]
I0915 13:36:11.542185   26229 env.go:770] [env]try /Users/brien/urnetwork/vault/all, [redis.yml]
I0915 13:36:11.542243   26229 env.go:640] [env]/Users/brien/urnetwork/vault/local/redis.yml[cluster] = false
I0915 13:36:11.542252   26229 env.go:656] [env]/Users/brien/urnetwork/vault/local/redis.yml[db] = 13
I0915 13:36:11.542141   26229 env.go:770] [env]try /Users/brien/urnetwork/config/local, [tls.yml]
I0915 13:36:11.542301   26229 env.go:770] [env]try /Users/brien/urnetwork/config/all, [tls.yml]
I0915 13:36:11.542809   26229 env.go:770] [env]try /Users/brien/urnetwork/config, [tls.yml]
I0915 13:36:11.542875   26229 env.go:770] [env]try /Users/brien/urnetwork/config/local, [tls.yml]
I0915 13:36:11.542910   26229 env.go:770] [env]try /Users/brien/urnetwork/config/all, [tls.yml]
I0915 13:36:11.543061   26229 env.go:770] [env]try /Users/brien/urnetwork/config, [tls.yml]
I0915 13:36:11.543208   26229 env.go:770] [env]try /Users/brien/urnetwork/config/local, [tls.yml]
I0915 13:36:11.543332   26229 env.go:770] [env]try /Users/brien/urnetwork/config/all, [tls.yml]
I0915 13:36:11.543846   26229 env.go:770] [env]try /Users/brien/urnetwork/config, [tls.yml]
I0915 13:36:11.543837   26229 env.go:770] [env]try /Users/brien/urnetwork/vault, [redis.yml]
I0915 13:36:11.544071   26229 env.go:770] [env]try /Users/brien/urnetwork/config/local, [tls.yml]
I0915 13:36:11.544108   26229 env.go:770] [env]try /Users/brien/urnetwork/config/all, [tls.yml]
I0915 13:36:11.544269   26229 env.go:770] [env]try /Users/brien/urnetwork/config, [tls.yml]
I0915 13:36:11.544307   26229 env.go:770] [env]try /Users/brien/urnetwork/config/local, [tls.yml]
I0915 13:36:11.544374   26229 env.go:770] [env]try /Users/brien/urnetwork/config/all, [tls.yml]
I0915 13:36:11.544442   26229 transport.go:1785] [c]h3 listener up transport=h3 port=0 address=127.0.0.1:59689
I0915 13:36:11.544474   26229 env.go:770] [env]try /Users/brien/urnetwork/vault, [redis.yml]
I0915 13:36:11.544513   26229 transport.go:1785] [c]h3 listener up transport=h3dns port=0 address=127.0.0.1:60600
I0915 13:36:11.544535   26229 env.go:770] [env]try /Users/brien/urnetwork/config, [tls.yml]
I0915 13:36:11.544534   26229 transport.go:1785] [c]h3 listener up transport=h3dns port=0 address=127.0.0.1:60326
I0915 13:36:11.544662   26229 env.go:770] [env]try /Users/brien/urnetwork/config/local, [tls.yml]
I0915 13:36:11.544699   26229 env.go:770] [env]try /Users/brien/urnetwork/config/all, [tls.yml]
I0915 13:36:11.544878   26229 env.go:770] [env]try /Users/brien/urnetwork/vault/local, [redis.yml]
I0915 13:36:11.545250   26229 env.go:770] [env]try /Users/brien/urnetwork/vault/all, [redis.yml]
I0915 13:36:11.545326   26229 transport.go:1785] [c]h3 listener up transport=h3dns port=0 address=127.0.0.1:50465
I0915 13:36:11.545349   26229 env.go:640] [env]/Users/brien/urnetwork/vault/local/redis.yml[cluster] = false
I0915 13:36:11.545359   26229 env.go:656] [env]/Users/brien/urnetwork/vault/local/redis.yml[db] = 13
I0915 13:36:11.545378   26229 env.go:770] [env]try /Users/brien/urnetwork/vault/local, [redis.yml]
I0915 13:36:11.545407   26229 transport.go:1785] [c]h3 listener up transport=h3dns port=0 address=127.0.0.1:59754
I0915 13:36:11.545438   26229 env.go:770] [env]try /Users/brien/urnetwork/vault/all, [redis.yml]
I0915 13:36:11.545360   26229 env.go:770] [env]try /Users/brien/urnetwork/vault, [redis.yml]
I0915 13:36:11.545495   26229 env.go:640] [env]/Users/brien/urnetwork/vault/local/redis.yml[cluster] = false
I0915 13:36:11.545501   26229 transport.go:1785] [c]h3 listener up transport=h3 port=0 address=127.0.0.1:60381
I0915 13:36:11.545505   26229 env.go:656] [env]/Users/brien/urnetwork/vault/local/redis.yml[db] = 13
I0915 13:36:11.545532   26229 transport.go:1785] [c]h3 listener up transport=h3dns port=0 address=127.0.0.1:63130
I0915 13:36:11.545536   26229 env.go:770] [env]try /Users/brien/urnetwork/vault/local, [redis.yml]
I0915 13:36:11.545588   26229 env.go:770] [env]try /Users/brien/urnetwork/vault, [redis.yml]
I0915 13:36:11.545612   26229 transport.go:1785] [c]h3 listener up transport=h3 port=0 address=127.0.0.1:65333
I0915 13:36:11.545654   26229 env.go:770] [env]try /Users/brien/urnetwork/vault, [redis.yml]
I0915 13:36:11.545663   26229 env.go:770] [env]try /Users/brien/urnetwork/vault/local, [redis.yml]
I0915 13:36:11.545716   26229 env.go:770] [env]try /Users/brien/urnetwork/vault/local, [redis.yml]
I0915 13:36:11.545730   26229 env.go:770] [env]try /Users/brien/urnetwork/vault/all, [redis.yml]
I0915 13:36:11.545768   26229 transport.go:1785] [c]h3 listener up transport=h3 port=0 address=127.0.0.1:62603
I0915 13:36:11.545776   26229 env.go:770] [env]try /Users/brien/urnetwork/vault/all, [redis.yml]
I0915 13:36:11.545601   26229 env.go:770] [env]try /Users/brien/urnetwork/vault/all, [redis.yml]
I0915 13:36:11.545783   26229 transport.go:1785] [c]h3 listener up transport=h3 port=0 address=127.0.0.1:51857
I0915 13:36:11.546019   26229 env.go:640] [env]/Users/brien/urnetwork/vault/local/redis.yml[cluster] = false
I0915 13:36:11.546030   26229 env.go:656] [env]/Users/brien/urnetwork/vault/local/redis.yml[db] = 13
I0915 13:36:11.546036   26229 env.go:640] [env]/Users/brien/urnetwork/vault/local/redis.yml[cluster] = false
I0915 13:36:11.546042   26229 env.go:656] [env]/Users/brien/urnetwork/vault/local/redis.yml[db] = 13
I0915 13:36:11.545817   26229 env.go:640] [env]/Users/brien/urnetwork/vault/local/redis.yml[cluster] = false
I0915 13:36:11.546169   26229 env.go:656] [env]/Users/brien/urnetwork/vault/local/redis.yml[db] = 13
I0915 13:36:11.545839   26229 transport.go:1785] [c]h3 listener up transport=h3dns port=0 address=127.0.0.1:51150
I0915 13:36:11.545872   26229 transport.go:1785] [c]h3 listener up transport=h3 port=0 address=127.0.0.1:49638
I0915 13:36:11.545956   26229 env.go:770] [env]try /Users/brien/urnetwork/config, [tls.yml]
I0915 13:36:11.545959   26229 env.go:770] [env]try /Users/brien/urnetwork/vault, [redis.yml]
I0915 13:36:11.546314   26229 env.go:770] [env]try /Users/brien/urnetwork/vault/local, [redis.yml]
I0915 13:36:11.546359   26229 env.go:770] [env]try /Users/brien/urnetwork/config/local, [tls.yml]
I0915 13:36:11.546379   26229 env.go:770] [env]try /Users/brien/urnetwork/vault/all, [redis.yml]
I0915 13:36:11.546455   26229 env.go:640] [env]/Users/brien/urnetwork/vault/local/redis.yml[cluster] = false
I0915 13:36:11.546463   26229 env.go:656] [env]/Users/brien/urnetwork/vault/local/redis.yml[db] = 13
I0915 13:36:11.546547   26229 env.go:770] [env]try /Users/brien/urnetwork/config/all, [tls.yml]
I0915 13:36:11.546757   26229 transport.go:1785] [c]h3 listener up transport=h3dns port=0 address=127.0.0.1:60034
I0915 13:36:11.546826   26229 transport.go:1785] [c]h3 listener up transport=h3 port=0 address=127.0.0.1:56125
I0915 13:36:11.668158   26229 network_client_controller.go:306] [ncc][01a0a65a-ebff-5a5d-55d3-6f6669dd6547]could not find client location. err = Unknown location type.
I0915 13:36:11.668601   26229 network_client_controller.go:306] [ncc][01a0a65a-ec03-378b-bad1-e416492093fa]could not find client location. err = Unknown location type.
[progress][1kib] burstSize=1 b=0
pause
unpause
new transport a
new transport a
new transport a
new transport a
new transport a
new transport a
I0915 13:36:12.118719   26229 network_client_controller.go:306] [ncc][01a0a65a-edd1-3cd8-51f1-5248095c58c5]could not find client location. err = Unknown location type.
I0915 13:36:12.507582   26229 network_client_controller.go:306] [ncc][01a0a65a-ef57-ad81-783c-7b7e04c8ab93]could not find client location. err = Unknown location type.
unpause
pause
unpause
new transport b
new transport b
new transport b
new transport b
new transport b
new transport b
unpause
I0915 13:36:12.678133   26229 network_client_controller.go:306] [ncc][01a0a65a-f001-6f2c-d946-c6f607fa4fdc]could not find client location. err = Unknown location type.
I0915 13:36:12.678185   26229 transfer_encrypt.go:2004] [tls]01a0a65a-eb93-2c09-081b-dccf52e2cd80 server c=false 01a0a65a-eb93-2c09-081b-dcd03a98a02b peer identity proof verified — cipher is now usable
I0915 13:36:12.678507   26229 transfer_encrypt.go:2004] [tls]01a0a65a-eb93-2c09-081b-dcd03a98a02b client c=false 01a0a65a-eb93-2c09-081b-dccf52e2cd80 peer identity proof verified — cipher is now usable
I0915 13:36:12.691442   26229 network_client_controller.go:306] [ncc][01a0a65a-f00e-b2d6-6c8e-d8b34f9b17cd]could not find client location. err = Unknown location type.
I0915 13:36:13.119881   26229 transfer_encrypt.go:2004] [tls]01a0a65a-eb93-2c09-081b-dcd03a98a02b server c=false 01a0a65a-eb93-2c09-081b-dccf52e2cd80 peer identity proof verified — cipher is now usable
I0915 13:36:13.120182   26229 transfer_encrypt.go:2004] [tls]01a0a65a-eb93-2c09-081b-dccf52e2cd80 client c=false 01a0a65a-eb93-2c09-081b-dcd03a98a02b peer identity proof verified — cipher is now usable
I0915 13:36:13.295559   26229 network_client_controller.go:306] [ncc][01a0a65a-f26a-8ef6-3cd3-cb144566ebeb]could not find client location. err = Unknown location type.
I0915 13:36:13.443108   26229 network_client_controller.go:306] [ncc][01a0a65a-f2fe-7c14-711f-2ede2ca1ca23]could not find client location. err = Unknown location type.
I0915 13:36:13.613005   26229 network_client_controller.go:306] [ncc][01a0a65a-f3a5-906c-0034-bae53719944f]could not find client location. err = Unknown location type.
I0915 13:36:13.984773   26229 network_client_controller.go:306] [ncc][01a0a65a-f51b-04ed-225e-8493ff94b5bc]could not find client location. err = Unknown location type.
I0915 13:36:14.521457   26229 network_client_controller.go:306] [ncc][01a0a65a-f734-8ebc-381e-d49f5bd1a5a0]could not find client location. err = Unknown location type.
I0915 13:36:14.599032   26229 network_client_controller.go:306] [ncc][01a0a65a-f782-9677-9a3f-2bcc6cfcb2ce]could not find client location. err = Unknown location type.
I0915 13:36:14.869718   26229 network_client_controller.go:306] [ncc][01a0a65a-f892-14d6-724c-caba7defcbaf]could not find client location. err = Unknown location type.
I0915 13:36:15.302341   26229 network_client_controller.go:306] [ncc][01a0a65a-fa42-9cb4-e7b1-18b2a1be069d]could not find client location. err = Unknown location type.
I0915 13:36:16.179590   26229 network_client_controller.go:306] [ncc][01a0a65a-fdaf-e1de-6e83-d99660e67ff1]could not find client location. err = Unknown location type.
[progress][1kib] burstSize=1 b=1
pause
unpause
new transport a
new transport a
new transport a
new transport a
new transport a
new transport a
unpause
I0915 13:36:22.905682   26229 network_client_controller.go:306] [ncc][01a0a65b-17f1-fa1d-c085-6ab8eccbcc2c]could not find client location. err = Unknown location type.
pause
unpause
new transport b
new transport b
new transport b
new transport b
new transport b
new transport b
unpause
I0915 13:36:23.409239   26229 network_client_controller.go:306] [ncc][01a0a65b-19eb-69d0-c4fd-c838f09eb8ba]could not find client location. err = Unknown location type.
I0915 13:36:23.536473   26229 network_client_controller.go:306] [ncc][01a0a65b-1a6b-b3fd-e591-daf9996af90c]could not find client location. err = Unknown location type.
I0915 13:36:23.762244   26229 network_client_controller.go:306] [ncc][01a0a65b-1b44-ddc6-fafe-7d4b5358fb16]could not find client location. err = Unknown location type.
I0915 13:36:23.796442   26229 network_client_controller.go:306] [ncc][01a0a65b-1b6c-3682-762c-00f6f48c912a]could not find client location. err = Unknown location type.
I0915 13:36:24.242658   26229 network_client_controller.go:306] [ncc][01a0a65b-1d2d-6bd7-0977-4e8b705140b2]could not find client location. err = Unknown location type.
[progress][1kib] burstSize=2 b=0
pause
I0915 13:36:24.298878   26229 network_client_controller.go:194] [ncc][01a0a65b-1d67-efdd-e221-b7899aae7637]probed egress location lookup failed, using mmdb. err = Done
I0915 13:36:24.298953   26229 network_client_controller.go:306] [ncc][01a0a65b-1d67-efdd-e221-b7899aae7637]could not find client location. err = Unknown location type.
unpause
new transport a
new transport a
new transport a
new transport a
new transport a
new transport a
I0915 13:36:24.369131   26229 network_client_controller.go:306] [ncc][01a0a65b-1d9f-086e-a0ce-470046920510]could not find client location. err = Unknown location type.
unpause
pause
I0915 13:36:24.714636   26229 network_client_controller.go:306] [ncc][01a0a65b-1f05-71eb-bf5d-11715933f384]could not find client location. err = Unknown location type.
unpause
pause
unpause
new transport b
new transport b
new transport b
new transport b
new transport b
new transport b
unpause
pause
I0915 13:36:25.137147   26229 network_client_controller.go:306] [ncc][01a0a65b-205a-2119-92e3-b77e8e70ba00]could not find client location. err = Unknown location type.
I0915 13:36:25.303601   26229 network_client_controller.go:306] [ncc][01a0a65b-2151-2a94-7298-84748d787744]could not find client location. err = Unknown location type.
unpause
I0915 13:36:25.342254   26229 network_client_controller.go:306] [ncc][01a0a65b-2175-302e-b625-6663d56f1105]could not find client location. err = Unknown location type.
I0915 13:36:25.601498   26229 network_client_controller.go:306] [ncc][01a0a65b-2272-2cd0-d7f2-2ed008a8e476]could not find client location. err = Unknown location type.
I0915 13:36:25.644012   26229 network_client_controller.go:306] [ncc][01a0a65b-22a3-9559-260a-d7a52cf4f457]could not find client location. err = Unknown location type.
I0915 13:36:25.854701   26229 network_client_controller.go:306] [ncc][01a0a65b-236c-69cd-bcb3-6841e5810108]could not find client location. err = Unknown location type.
I0915 13:36:25.865102   26229 network_client_controller.go:306] [ncc][01a0a65b-2380-3a0e-3182-084a36ce5a54]could not find client location. err = Unknown location type.
[progress][1kib] burstSize=2 b=1
pause
I0915 13:36:26.342923   26229 network_client_controller.go:306] [ncc][01a0a65b-255e-2d3b-7504-e9b358e4ad87]could not find client location. err = Unknown location type.
unpause
new transport a
new transport a
new transport a
new transport a
new transport a
new transport a
unpause
pause
I0915 13:36:26.491514   26229 network_client_controller.go:306] [ncc][01a0a65b-25f5-c867-45c6-c00b24130927]could not find client location. err = Unknown location type.
I0915 13:36:26.510803   26229 network_client_controller.go:306] [ncc][01a0a65b-260a-ea14-4e79-df76f02dbf0e]could not find client location. err = Unknown location type.
unpause
pause
unpause
new transport b
new transport b
new transport b
new transport b
new transport b
new transport b
unpause
pause
I0915 13:36:26.885080   26229 network_client_controller.go:306] [ncc][01a0a65b-2780-5e4b-756a-88fcfc94bf47]could not find client location. err = Unknown location type.
unpause
I0915 13:36:27.243276   26229 network_client_controller.go:306] [ncc][01a0a65b-28e5-6935-4633-fec19a3c9edf]could not find client location. err = Unknown location type.
[progress][1kib] burstSize=3 b=0
pause
unpause
new transport a
new transport a
new transport a
new transport a
new transport a
new transport a
unpause
pause
I0915 13:36:27.571115   26229 network_client_controller.go:306] [ncc][01a0a65b-2a2e-e46c-7d49-8228f12225fc]could not find client location. err = Unknown location type.
I0915 13:36:27.678646   26229 network_client_controller.go:306] [ncc][01a0a65b-2a99-9499-9bdd-daaf44fad508]could not find client location. err = Unknown location type.
unpause
unpause
pause
I0915 13:36:28.059450   26229 network_client_controller.go:306] [ncc][01a0a65b-2c10-e24b-a8a1-d9ce1323af1a]could not find client location. err = Unknown location type.
unpause
new transport b
new transport b
new transport b
new transport b
new transport b
new transport b
unpause
pause
I0915 13:36:28.204902   26229 network_client_controller.go:306] [ncc][01a0a65b-2ca7-b9c3-d6c4-d3b79c8a8a36]could not find client location. err = Unknown location type.
unpause
unpause
[progress][1kib] burstSize=3 b=1
pause
unpause
new transport a
new transport a
new transport a
new transport a
new transport a
new transport a
unpause
pause
I0915 13:36:28.684255   26229 network_client_controller.go:306] [ncc][01a0a65b-2e86-24ec-6fa4-bd55273e99cb]could not find client location. err = Unknown location type.
unpause
unpause
pause
unpause
new transport b
new transport b
new transport b
new transport b
new transport b
new transport b
unpause
pause
I0915 13:36:29.030871   26229 network_client_controller.go:306] [ncc][01a0a65b-2fe0-89b7-07a1-fc193db29d2f]could not find client location. err = Unknown location type.
unpause
unpause
[progress][1kib] burstSize=4 b=0
pause
unpause
new transport a
new transport a
new transport a
new transport a
new transport a
new transport a
unpause
unpause
pause
I0915 13:36:29.597146   26229 network_client_controller.go:306] [ncc][01a0a65b-3215-b5cf-282b-9da947c843b0]could not find client location. err = Unknown location type.
unpause
unpause
pause
unpause
new transport b
new transport b
new transport b
new transport b
new transport b
new transport b
I0915 13:36:30.307803   26229 network_client_controller.go:306] [ncc][01a0a65b-34d6-bf61-66ff-92d945dd794a]could not find client location. err = Unknown location type.
unpause
unpause
pause
I0915 13:36:30.318519   26229 network_client_controller.go:306] [ncc][01a0a65b-34e7-fa8a-902e-7d42900ec1c1]could not find client location. err = Unknown location type.
unpause
unpause
[progress][1kib] burstSize=4 b=1
pause
unpause
new transport a
new transport a
new transport a
new transport a
new transport a
new transport a
I0915 13:36:30.742974   26229 network_client_controller.go:306] [ncc][01a0a65b-3690-2fe7-b3e0-2643743cef05]could not find client location. err = Unknown location type.
unpause
unpause
pause
I0915 13:36:30.771213   26229 network_client_controller.go:306] [ncc][01a0a65b-36ac-7c3f-4a0d-03d952a9954b]could not find client location. err = Unknown location type.
unpause
unpause
pause
unpause
new transport b
new transport b
new transport b
new transport b
new transport b
new transport b
unpause
unpause
pause
I0915 13:36:31.255279   26229 network_client_controller.go:306] [ncc][01a0a65b-3891-eafe-1c60-5d951dc16eab]could not find client location. err = Unknown location type.
unpause
unpause
[progress][1kib] burstSize=5 b=0
pause
unpause
new transport a
new transport a
new transport a
new transport a
new transport a
new transport a
unpause
unpause
pause
I0915 13:36:31.663491   26229 network_client_controller.go:306] [ncc][01a0a65b-3a26-6297-d06d-8a0f65b86d22]could not find client location. err = Unknown location type.
unpause
unpause
unpause
pause
unpause
new transport b
new transport b
new transport b
new transport b
new transport b
new transport b
I0915 13:36:31.883090   26229 network_client_controller.go:306] [ncc][01a0a65b-3aff-8be5-8368-9c8f92cd8caa]could not find client location. err = Unknown location type.
unpause
unpause
pause
I0915 13:36:32.093096   26229 network_client_controller.go:306] [ncc][01a0a65b-3bd7-5d76-3132-672e0fe21561]could not find client location. err = Unknown location type.
unpause
unpause
unpause
[progress][1kib] burstSize=5 b=1
pause
I0915 13:36:32.311131   26229 network_client_controller.go:306] [ncc][01a0a65b-3cb1-183c-0b82-85f85e61b6e3]could not find client location. err = Unknown location type.
unpause
new transport a
new transport a
new transport a
new transport a
new transport a
new transport a
unpause
unpause
pause
I0915 13:36:32.510499   26229 network_client_controller.go:306] [ncc][01a0a65b-3d77-cc85-787f-9bbb93f72d2d]could not find client location. err = Unknown location type.
unpause
unpause
unpause
pause
unpause
new transport b
new transport b
new transport b
new transport b
new transport b
new transport b
I0915 13:36:32.774959   26229 network_client_controller.go:306] [ncc][01a0a65b-3e77-b838-3335-988179eb9e6a]could not find client location. err = Unknown location type.
I0915 13:36:32.881769   26229 network_client_controller.go:306] [ncc][01a0a65b-3eed-6f4d-be56-35c91a2fcbd0]could not find client location. err = Unknown location type.
unpause
unpause
pause
I0915 13:36:33.256287   26229 network_client_controller.go:306] [ncc][01a0a65b-4064-78dd-8e02-cb524b67599c]could not find client location. err = Unknown location type.
unpause
unpause
unpause
[progress][1kib] burstSize=6 b=0
pause
unpause
new transport a
new transport a
new transport a
new transport a
new transport a
new transport a
unpause
unpause
unpause
pause
I0915 13:36:33.513325   26229 network_client_controller.go:306] [ncc][01a0a65b-4165-5dda-5247-53036d326a7c]could not find client location. err = Unknown location type.
unpause
unpause
unpause
pause
unpause
new transport b
new transport b
new transport b
new transport b
new transport b
new transport b
unpause
unpause
unpause
pause
I0915 13:36:34.115591   26229 network_client_controller.go:306] [ncc][01a0a65b-43bd-06d7-2ab7-78a45e4d5d1b]could not find client location. err = Unknown location type.
unpause
unpause
unpause
[progress][1kib] burstSize=6 b=1
pause
unpause
new transport a
new transport a
new transport a
new transport a
new transport a
new transport a
unpause
unpause
unpause
pause
I0915 13:36:34.684959   26229 network_client_controller.go:306] [ncc][01a0a65b-45f7-ec50-fe27-111b6cd535fd]could not find client location. err = Unknown location type.
unpause
unpause
unpause
pause
unpause
new transport b
new transport b
new transport b
new transport b
new transport b
new transport b
unpause
unpause
unpause
pause
I0915 13:36:34.947996   26229 network_client_controller.go:306] [ncc][01a0a65b-46f6-42e4-5754-bd85ddc620b5]could not find client location. err = Unknown location type.
unpause
unpause
unpause
I0915 13:36:35.237407   26229 network_client_controller.go:306] [ncc][01a0a65b-481b-a39e-a13e-212dd472287f]could not find client location. err = Unknown location type.
I0915 13:36:35.854690   26229 network_client_controller.go:306] [ncc][01a0a65b-4a8a-c309-3ee9-160a47e0cf00]could not find client location. err = Unknown location type.
I0915 13:36:36.173203   26229 network_client_controller.go:306] [ncc][01a0a65b-4bc8-f5d4-6087-1f4d983c6de7]could not find client location. err = Unknown location type.
I0915 13:36:36.180127   26229 network_client_controller.go:306] [ncc][01a0a65b-4bcd-8c23-0327-fac7cb4ffead]could not find client location. err = Unknown location type.
I0915 13:36:36.534757   26229 network_client_controller.go:306] [ncc][01a0a65b-4d28-2c15-805d-b4cdfd63f59d]could not find client location. err = Unknown location type.
I0915 13:36:36.876565   26229 network_client_controller.go:306] [ncc][01a0a65b-4e7e-01c4-368b-68948cdc2638]could not find client location. err = Unknown location type.
I0915 13:36:36.946589   26229 network_client_controller.go:306] [ncc][01a0a65b-4eb1-d339-6fc7-30367364bec7]could not find client location. err = Unknown location type.
I0915 13:36:37.270351   26229 network_client_controller.go:306] [ncc][01a0a65b-5012-67a1-a8f2-7f856efcef5b]could not find client location. err = Unknown location type.
I0915 13:36:37.382031   26229 network_client_controller.go:306] [ncc][01a0a65b-507f-bbfe-8612-7122bae65bf9]could not find client location. err = Unknown location type.
I0915 13:36:37.962085   26229 network_client_controller.go:306] [ncc][01a0a65b-52c4-ee10-e6d7-c0e3528a08db]could not find client location. err = Unknown location type.
Net nack dropped bytes = 0
I0915 13:36:45.118093   26229 env.go:770] [env]try /Users/brien/urnetwork/vault, [pg.yml]
I0915 13:36:45.120053   26229 env.go:770] [env]try /Users/brien/urnetwork/vault/local, [pg.yml]
I0915 13:36:45.120918   26229 env.go:770] [env]try /Users/brien/urnetwork/vault/all, [pg.yml]
I0915 13:36:45.121683   26229 env.go:770] [env]try /Users/brien/urnetwork/config, [db.yml]
I0915 13:36:45.122319   26229 env.go:770] [env]try /Users/brien/urnetwork/config/local, [db.yml]
I0915 13:36:45.122651   26229 env.go:770] [env]try /Users/brien/urnetwork/config/all, [db.yml]
I0915 13:36:45.123311   26229 env.go:656] [env]/Users/brien/urnetwork/config/local/db.yml[min_connections] = 4
I0915 13:36:45.123330   26229 env.go:656] [env]/Users/brien/urnetwork/config/local/db.yml[max_connections] = 16
I0915 13:36:45.123340   26229 db.go:210] [db]options = map[connect_timeout:30 pool_health_check_period:1s pool_max_conn_idle_time:60m pool_max_conn_lifetime:8h pool_max_conn_lifetime_jitter:15m pool_max_conns:16 pool_min_conns:4 sslmode:disable]
I0915 13:36:45.123554   26229 env.go:672] [env]/Users/brien/urnetwork/vault/local/pg.yml[user] = br***ur
I0915 13:36:45.123574   26229 env.go:672] [env]/Users/brien/urnetwork/vault/local/pg.yml[password] = pi***ur
I0915 13:36:45.123595   26229 env.go:705] [env]lookup env var "BRINGYOUR_POSTGRES_HOSTNAME"
I0915 13:36:45.123602   26229 env.go:672] [env]/Users/brien/urnetwork/vault/local/pg.yml[authority] = 10***32
I0915 13:36:45.123612   26229 env.go:672] [env]/Users/brien/urnetwork/vault/local/pg.yml[db] = br***ur
--- PASS: TestConnectH1EncryptedAllowFallback (39.78s)
=== RUN   TestConnectH3EncryptedAllowFallback
I0915 13:36:45.175032   26229 env.go:770] [env]try /Users/brien/urnetwork/vault, [pg.yml]
I0915 13:36:45.175180   26229 env.go:770] [env]try /Users/brien/urnetwork/vault/local, [pg.yml]
I0915 13:36:45.175232   26229 env.go:770] [env]try /Users/brien/urnetwork/vault/all, [pg.yml]
I0915 13:36:45.175280   26229 env.go:770] [env]try /Users/brien/urnetwork/vault, [redis.yml]
I0915 13:36:45.175319   26229 env.go:770] [env]try /Users/brien/urnetwork/vault/local, [redis.yml]
I0915 13:36:45.175358   26229 env.go:770] [env]try /Users/brien/urnetwork/vault/all, [redis.yml]
I0915 13:36:45.175400   26229 env.go:770] [env]try /Users/brien/urnetwork/config, [db.yml]
I0915 13:36:45.175439   26229 env.go:770] [env]try /Users/brien/urnetwork/config/local, [db.yml]
I0915 13:36:45.175476   26229 env.go:770] [env]try /Users/brien/urnetwork/config/all, [db.yml]
I0915 13:36:45.175514   26229 env.go:770] [env]try /Users/brien/urnetwork/config, [redis.yml]
I0915 13:36:45.175544   26229 env.go:770] [env]try /Users/brien/urnetwork/config/local, [redis.yml]
I0915 13:36:45.175571   26229 env.go:770] [env]try /Users/brien/urnetwork/config/all, [redis.yml]
I0915 13:36:45.175680   26229 env.go:705] [env]lookup env var "BRINGYOUR_POSTGRES_HOSTNAME"
I0915 13:36:45.175689   26229 env.go:672] [env]/Users/brien/urnetwork/vault/local/pg.yml[authority] = 10***32
I0915 13:36:45.175703   26229 env.go:672] [env]/Users/brien/urnetwork/vault/local/pg.yml[user] = br***ur
I0915 13:36:45.175721   26229 env.go:672] [env]/Users/brien/urnetwork/vault/local/pg.yml[password] = pi***ur
I0915 13:36:45.175734   26229 env.go:672] [env]/Users/brien/urnetwork/vault/local/pg.yml[db] = br***ur
I0915 13:36:45.176020   26229 env.go:705] [env]lookup env var "BRINGYOUR_REDIS_HOSTNAME"
I0915 13:36:45.176066   26229 env.go:672] [env]/Users/brien/urnetwork/vault/local/redis.yml[authority] = 10***79
I0915 13:36:45.176085   26229 env.go:672] [env]/Users/brien/urnetwork/vault/local/redis.yml[password] = ***
I0915 13:36:45.176091   26229 env.go:656] [env]/Users/brien/urnetwork/vault/local/redis.yml[db] = 0
I0915 13:36:45.176096   26229 env.go:640] [env]/Users/brien/urnetwork/vault/local/redis.yml[cluster] = false
I0915 13:36:45.176153   26229 env.go:656] [env]/Users/brien/urnetwork/config/local/db.yml[min_connections] = 4
I0915 13:36:45.176160   26229 env.go:656] [env]/Users/brien/urnetwork/config/local/db.yml[max_connections] = 16
I0915 13:36:45.176381   26229 env.go:656] [env]/Users/brien/urnetwork/config/local/redis.yml[min_connections] = 4
I0915 13:36:45.176408   26229 env.go:656] [env]/Users/brien/urnetwork/config/local/redis.yml[max_connections] = 16
I0915 13:36:45.188846   26229 env.go:770] [env]try /Users/brien/urnetwork/vault, [pg.yml]
I0915 13:36:45.189397   26229 env.go:770] [env]try /Users/brien/urnetwork/vault/local, [pg.yml]
I0915 13:36:45.189490   26229 env.go:770] [env]try /Users/brien/urnetwork/vault/all, [pg.yml]
I0915 13:36:45.189596   26229 env.go:770] [env]try /Users/brien/urnetwork/vault, [pg_maintenance.yml]
I0915 13:36:45.189644   26229 env.go:770] [env]try /Users/brien/urnetwork/vault/local, [pg_maintenance.yml]
I0915 13:36:45.189684   26229 env.go:770] [env]try /Users/brien/urnetwork/vault/all, [pg_maintenance.yml]
I0915 13:36:45.189726   26229 env.go:770] [env]try /Users/brien/urnetwork/vault, [redis.yml]
I0915 13:36:45.189761   26229 env.go:770] [env]try /Users/brien/urnetwork/vault/local, [redis.yml]
I0915 13:36:45.189797   26229 env.go:770] [env]try /Users/brien/urnetwork/vault/all, [redis.yml]
I0915 13:36:45.189890   26229 env.go:705] [env]lookup env var "BRINGYOUR_REDIS_HOSTNAME"
I0915 13:36:45.189901   26229 env.go:672] [env]/Users/brien/urnetwork/vault/local/redis.yml[authority] = 10***79
I0915 13:36:45.189917   26229 env.go:672] [env]/Users/brien/urnetwork/vault/local/redis.yml[password] = ***
I0915 13:36:45.189924   26229 env.go:656] [env]/Users/brien/urnetwork/vault/local/redis.yml[db] = 0
I0915 13:36:45.189931   26229 env.go:640] [env]/Users/brien/urnetwork/vault/local/redis.yml[cluster] = false
I0915 13:36:45.243825   26229 env.go:770] [env]try /Users/brien/urnetwork/vault, [pg.yml]
I0915 13:36:45.244006   26229 env.go:770] [env]try /Users/brien/urnetwork/vault/local, [pg.yml]
I0915 13:36:45.244066   26229 env.go:770] [env]try /Users/brien/urnetwork/vault/all, [pg.yml]
I0915 13:36:45.244181   26229 env.go:770] [env]try /Users/brien/urnetwork/vault, [pg_maintenance.yml]
I0915 13:36:45.244226   26229 env.go:770] [env]try /Users/brien/urnetwork/vault/local, [pg_maintenance.yml]
I0915 13:36:45.244263   26229 env.go:770] [env]try /Users/brien/urnetwork/vault/all, [pg_maintenance.yml]
I0915 13:36:45.244308   26229 env.go:770] [env]try /Users/brien/urnetwork/config, [db.yml]
I0915 13:36:45.244683   26229 env.go:770] [env]try /Users/brien/urnetwork/config/local, [db.yml]
I0915 13:36:45.244773   26229 env.go:770] [env]try /Users/brien/urnetwork/config/all, [db.yml]
I0915 13:36:45.244832   26229 env.go:770] [env]try /Users/brien/urnetwork/config, [db_maintenance.yml]
I0915 13:36:45.244872   26229 env.go:770] [env]try /Users/brien/urnetwork/config/local, [db_maintenance.yml]
I0915 13:36:45.244950   26229 env.go:770] [env]try /Users/brien/urnetwork/config/all, [db_maintenance.yml]
I0915 13:36:45.245648   26229 env.go:656] [env]/Users/brien/urnetwork/config/local/db.yml[min_connections] = 4
I0915 13:36:45.245667   26229 env.go:656] [env]/Users/brien/urnetwork/config/local/db.yml[max_connections] = 16
I0915 13:36:45.245677   26229 db.go:210] [db]options = map[connect_timeout:30 pool_health_check_period:1s pool_max_conn_idle_time:60m pool_max_conn_lifetime:8h pool_max_conn_lifetime_jitter:15m pool_max_conns:16 pool_min_conns:4 sslmode:disable]
I0915 13:36:45.246208   26229 env.go:672] [env]/Users/brien/urnetwork/vault/local/pg.yml[user] = br***ur
I0915 13:36:45.246387   26229 env.go:672] [env]/Users/brien/urnetwork/vault/local/pg.yml[password] = pi***ur
I0915 13:36:45.246422   26229 env.go:705] [env]lookup env var "BRINGYOUR_POSTGRES_HOSTNAME"
I0915 13:36:45.246431   26229 env.go:672] [env]/Users/brien/urnetwork/vault/local/pg.yml[authority] = 10***32
I0915 13:36:45.246446   26229 env.go:672] [env]/Users/brien/urnetwork/vault/local/pg.yml[db] = br***ur
I0915 13:36:45.263450   26229 env.go:770] [env]try /Users/brien/urnetwork/vault, [redis.yml]
I0915 13:36:45.264291   26229 env.go:770] [env]try /Users/brien/urnetwork/vault/local, [redis.yml]
I0915 13:36:45.264367   26229 env.go:770] [env]try /Users/brien/urnetwork/vault/all, [redis.yml]
I0915 13:36:45.264422   26229 env.go:770] [env]try /Users/brien/urnetwork/config, [redis.yml]
I0915 13:36:45.264461   26229 env.go:770] [env]try /Users/brien/urnetwork/config/local, [redis.yml]
I0915 13:36:45.264495   26229 env.go:770] [env]try /Users/brien/urnetwork/config/all, [redis.yml]
I0915 13:36:45.264601   26229 env.go:656] [env]/Users/brien/urnetwork/config/local/redis.yml[min_connections] = 4
I0915 13:36:45.264611   26229 env.go:656] [env]/Users/brien/urnetwork/config/local/redis.yml[max_connections] = 16
I0915 13:36:45.264658   26229 env.go:672] [env]/Users/brien/urnetwork/vault/local/redis.yml[authority] = 10***79
I0915 13:36:45.264672   26229 env.go:672] [env]/Users/brien/urnetwork/vault/local/redis.yml[password] = ***
I0915 13:36:45.264678   26229 env.go:640] [env]/Users/brien/urnetwork/vault/local/redis.yml[cluster] = false
I0915 13:36:45.264692   26229 env.go:672] [env]/Users/brien/urnetwork/vault/local/redis.yml[authority] = 10***79
I0915 13:36:45.264697   26229 env.go:656] [env]/Users/brien/urnetwork/vault/local/redis.yml[db] = 7
I0915 13:36:45.269003   26229 env.go:770] [env]try /Users/brien/urnetwork/vault, [pg.yml]
I0915 13:36:45.269177   26229 env.go:770] [env]try /Users/brien/urnetwork/vault/local, [pg.yml]
I0915 13:36:45.269355   26229 env.go:770] [env]try /Users/brien/urnetwork/vault/all, [pg.yml]
I0915 13:36:45.269429   26229 env.go:770] [env]try /Users/brien/urnetwork/vault, [pg_maintenance.yml]
I0915 13:36:45.269475   26229 env.go:770] [env]try /Users/brien/urnetwork/vault/local, [pg_maintenance.yml]
I0915 13:36:45.269517   26229 env.go:770] [env]try /Users/brien/urnetwork/vault/all, [pg_maintenance.yml]
I0915 13:36:45.269572   26229 env.go:770] [env]try /Users/brien/urnetwork/config, [db.yml]
I0915 13:36:45.269611   26229 env.go:770] [env]try /Users/brien/urnetwork/config/local, [db.yml]
I0915 13:36:45.269642   26229 env.go:770] [env]try /Users/brien/urnetwork/config/all, [db.yml]
I0915 13:36:45.269681   26229 env.go:770] [env]try /Users/brien/urnetwork/config, [db_maintenance.yml]
I0915 13:36:45.269712   26229 env.go:770] [env]try /Users/brien/urnetwork/config/local, [db_maintenance.yml]
I0915 13:36:45.269739   26229 env.go:770] [env]try /Users/brien/urnetwork/config/all, [db_maintenance.yml]
I0915 13:36:45.269825   26229 env.go:656] [env]/Users/brien/urnetwork/config/local/db.yml[min_connections] = 4
I0915 13:36:45.269833   26229 env.go:656] [env]/Users/brien/urnetwork/config/local/db.yml[max_connections] = 16
I0915 13:36:45.269840   26229 db.go:210] [db]options = map[connect_timeout:30 pool_health_check_period:1s pool_max_conn_idle_time:60m pool_max_conn_lifetime:8h pool_max_conn_lifetime_jitter:15m pool_max_conns:16 pool_min_conns:4 sslmode:disable]
I0915 13:36:45.269886   26229 env.go:672] [env]pg_maintenance.yml[user] = br***ur
I0915 13:36:45.269900   26229 env.go:672] [env]pg_maintenance.yml[password] = pi***ur
I0915 13:36:45.269916   26229 env.go:705] [env]lookup env var "BRINGYOUR_POSTGRES_HOSTNAME"
I0915 13:36:45.269922   26229 env.go:672] [env]pg_maintenance.yml[authority] = 10***32
I0915 13:36:45.269933   26229 env.go:672] [env]pg_maintenance.yml[db] = te***cb
I0915 13:36:47.980792   26229 env.go:770] [env]try /Users/brien/urnetwork/vault, [pg.yml]
I0915 13:36:47.982373   26229 env.go:770] [env]try /Users/brien/urnetwork/vault/local, [pg.yml]
I0915 13:36:47.982731   26229 env.go:770] [env]try /Users/brien/urnetwork/vault/all, [pg.yml]
I0915 13:36:47.982963   26229 env.go:770] [env]try /Users/brien/urnetwork/config, [db.yml]
I0915 13:36:47.983550   26229 env.go:770] [env]try /Users/brien/urnetwork/config/local, [db.yml]
I0915 13:36:47.984087   26229 env.go:770] [env]try /Users/brien/urnetwork/config/all, [db.yml]
I0915 13:36:47.984609   26229 env.go:656] [env]/Users/brien/urnetwork/config/local/db.yml[min_connections] = 4
I0915 13:36:47.984627   26229 env.go:656] [env]/Users/brien/urnetwork/config/local/db.yml[max_connections] = 16
I0915 13:36:47.984638   26229 db.go:210] [db]options = map[connect_timeout:30 pool_health_check_period:1s pool_max_conn_idle_time:60m pool_max_conn_lifetime:8h pool_max_conn_lifetime_jitter:15m pool_max_conns:16 pool_min_conns:4 sslmode:disable]
I0915 13:36:47.984912   26229 env.go:672] [env]/Users/brien/urnetwork/vault/local/pg.yml[user] = br***ur
I0915 13:36:47.985033   26229 env.go:672] [env]/Users/brien/urnetwork/vault/local/pg.yml[password] = pi***ur
I0915 13:36:47.985083   26229 env.go:705] [env]lookup env var "BRINGYOUR_POSTGRES_HOSTNAME"
I0915 13:36:47.985104   26229 env.go:672] [env]/Users/brien/urnetwork/vault/local/pg.yml[authority] = 10***32
I0915 13:36:47.985139   26229 env.go:672] [env]/Users/brien/urnetwork/vault/local/pg.yml[db] = te***cb
[progress]start TestConnectH3EncryptedAllowFallback
[transport mode]h3
I0915 13:37:03.154954   26229 env.go:770] [env]try /Users/brien/urnetwork/config, [tls.yml]
I0915 13:37:03.155221   26229 env.go:770] [env]try /Users/brien/urnetwork/config/local, [tls.yml]
I0915 13:37:03.155551   26229 env.go:770] [env]try /Users/brien/urnetwork/vault, [redis.yml]
I0915 13:37:03.155668   26229 env.go:770] [env]try /Users/brien/urnetwork/config/all, [tls.yml]
I0915 13:37:03.156416   26229 transport.go:1785] [c]h3 listener up transport=h3dns port=0 address=127.0.0.1:61298
I0915 13:37:03.156446   26229 env.go:770] [env]try /Users/brien/urnetwork/config, [tls.yml]
I0915 13:37:03.156498   26229 env.go:770] [env]try /Users/brien/urnetwork/vault, [redis.yml]
I0915 13:37:03.156512   26229 transport.go:1785] [c]h3 listener up transport=h3 port=0 address=127.0.0.1:56200
I0915 13:37:03.156507   26229 env.go:770] [env]try /Users/brien/urnetwork/config/local, [tls.yml]
I0915 13:37:03.156783   26229 env.go:770] [env]try /Users/brien/urnetwork/vault/local, [redis.yml]
I0915 13:37:03.156579   26229 env.go:770] [env]try /Users/brien/urnetwork/vault/local, [redis.yml]
I0915 13:37:03.157106   26229 env.go:770] [env]try /Users/brien/urnetwork/config/all, [tls.yml]
I0915 13:37:03.157200   26229 env.go:770] [env]try /Users/brien/urnetwork/vault/all, [redis.yml]
I0915 13:37:03.157323   26229 env.go:770] [env]try /Users/brien/urnetwork/config, [tls.yml]
I0915 13:37:03.157384   26229 env.go:770] [env]try /Users/brien/urnetwork/config/local, [tls.yml]
I0915 13:37:03.157426   26229 env.go:770] [env]try /Users/brien/urnetwork/config/all, [tls.yml]
I0915 13:37:03.157405   26229 transport.go:1785] [c]h3 listener up transport=h3dns port=0 address=127.0.0.1:53688
I0915 13:37:03.157574   26229 env.go:640] [env]/Users/brien/urnetwork/vault/local/redis.yml[cluster] = false
I0915 13:37:03.157586   26229 env.go:656] [env]/Users/brien/urnetwork/vault/local/redis.yml[db] = 7
I0915 13:37:03.157719   26229 env.go:770] [env]try /Users/brien/urnetwork/vault, [redis.yml]
I0915 13:37:03.157919   26229 env.go:770] [env]try /Users/brien/urnetwork/vault/local, [redis.yml]
I0915 13:37:03.157664   26229 env.go:770] [env]try /Users/brien/urnetwork/vault, [redis.yml]
I0915 13:37:03.158062   26229 env.go:770] [env]try /Users/brien/urnetwork/vault/local, [redis.yml]
I0915 13:37:03.158445   26229 env.go:770] [env]try /Users/brien/urnetwork/vault/all, [redis.yml]
I0915 13:37:03.157707   26229 transport.go:1785] [c]h3 listener up transport=h3 port=0 address=127.0.0.1:55980
I0915 13:37:03.157675   26229 transport.go:1785] [c]h3 listener up transport=h3dns port=0 address=127.0.0.1:55854
I0915 13:37:03.158470   26229 env.go:770] [env]try /Users/brien/urnetwork/vault/all, [redis.yml]
I0915 13:37:03.158633   26229 env.go:640] [env]/Users/brien/urnetwork/vault/local/redis.yml[cluster] = false
I0915 13:37:03.158642   26229 env.go:656] [env]/Users/brien/urnetwork/vault/local/redis.yml[db] = 7
I0915 13:37:03.158957   26229 env.go:640] [env]/Users/brien/urnetwork/vault/local/redis.yml[cluster] = false
I0915 13:37:03.158987   26229 env.go:656] [env]/Users/brien/urnetwork/vault/local/redis.yml[db] = 7
I0915 13:37:03.157802   26229 transport.go:1785] [c]h3 listener up transport=h3 port=0 address=127.0.0.1:59302
I0915 13:37:03.157812   26229 env.go:770] [env]try /Users/brien/urnetwork/config, [tls.yml]
I0915 13:37:03.159249   26229 env.go:770] [env]try /Users/brien/urnetwork/config/local, [tls.yml]
I0915 13:37:03.159296   26229 env.go:770] [env]try /Users/brien/urnetwork/config/all, [tls.yml]
I0915 13:37:03.157041   26229 env.go:770] [env]try /Users/brien/urnetwork/vault/all, [redis.yml]
I0915 13:37:03.161023   26229 transport.go:1785] [c]h3 listener up transport=h3dns port=0 address=127.0.0.1:58590
I0915 13:37:03.161094   26229 transport.go:1785] [c]h3 listener up transport=h3 port=0 address=127.0.0.1:54744
I0915 13:37:03.162814   26229 env.go:640] [env]/Users/brien/urnetwork/vault/local/redis.yml[cluster] = false
I0915 13:37:03.162843   26229 env.go:656] [env]/Users/brien/urnetwork/vault/local/redis.yml[db] = 7
I0915 13:37:03.161177   26229 env.go:770] [env]try /Users/brien/urnetwork/vault, [redis.yml]
I0915 13:37:03.163040   26229 env.go:770] [env]try /Users/brien/urnetwork/vault/local, [redis.yml]
I0915 13:37:03.163099   26229 env.go:770] [env]try /Users/brien/urnetwork/vault/all, [redis.yml]
I0915 13:37:03.163144   26229 env.go:640] [env]/Users/brien/urnetwork/vault/local/redis.yml[cluster] = false
I0915 13:37:03.163153   26229 env.go:656] [env]/Users/brien/urnetwork/vault/local/redis.yml[db] = 7
I0915 13:37:03.161740   26229 env.go:770] [env]try /Users/brien/urnetwork/config, [tls.yml]
I0915 13:37:03.163339   26229 env.go:770] [env]try /Users/brien/urnetwork/config/local, [tls.yml]
I0915 13:37:03.163393   26229 env.go:770] [env]try /Users/brien/urnetwork/config/all, [tls.yml]
I0915 13:37:03.163560   26229 env.go:770] [env]try /Users/brien/urnetwork/config, [tls.yml]
I0915 13:37:03.163599   26229 env.go:770] [env]try /Users/brien/urnetwork/config/local, [tls.yml]
I0915 13:37:03.163632   26229 env.go:770] [env]try /Users/brien/urnetwork/config/all, [tls.yml]
I0915 13:37:03.163762   26229 env.go:770] [env]try /Users/brien/urnetwork/config, [tls.yml]
I0915 13:37:03.163799   26229 env.go:770] [env]try /Users/brien/urnetwork/config/local, [tls.yml]
I0915 13:37:03.163838   26229 env.go:770] [env]try /Users/brien/urnetwork/config/all, [tls.yml]
I0915 13:37:03.163978   26229 env.go:770] [env]try /Users/brien/urnetwork/config, [tls.yml]
I0915 13:37:03.164009   26229 env.go:770] [env]try /Users/brien/urnetwork/config/local, [tls.yml]
I0915 13:37:03.164047   26229 env.go:770] [env]try /Users/brien/urnetwork/config/all, [tls.yml]
I0915 13:37:03.164191   26229 env.go:770] [env]try /Users/brien/urnetwork/config, [tls.yml]
I0915 13:37:03.164249   26229 env.go:770] [env]try /Users/brien/urnetwork/config/local, [tls.yml]
I0915 13:37:03.164298   26229 env.go:770] [env]try /Users/brien/urnetwork/config/all, [tls.yml]
I0915 13:37:03.164319   26229 transport.go:1785] [c]h3 listener up transport=h3dns port=0 address=127.0.0.1:54915
I0915 13:37:03.164322   26229 transport.go:1785] [c]h3 listener up transport=h3dns port=0 address=127.0.0.1:57270
I0915 13:37:03.164384   26229 env.go:770] [env]try /Users/brien/urnetwork/vault, [redis.yml]
I0915 13:37:03.164453   26229 env.go:770] [env]try /Users/brien/urnetwork/config, [tls.yml]
I0915 13:37:03.164467   26229 env.go:770] [env]try /Users/brien/urnetwork/vault/local, [redis.yml]
I0915 13:37:03.164495   26229 transport.go:1785] [c]h3 listener up transport=h3dns port=0 address=127.0.0.1:50998
I0915 13:37:03.164502   26229 env.go:770] [env]try /Users/brien/urnetwork/config/local, [tls.yml]
I0915 13:37:03.164529   26229 env.go:770] [env]try /Users/brien/urnetwork/vault/all, [redis.yml]
I0915 13:37:03.164561   26229 transport.go:1785] [c]h3 listener up transport=h3dns port=0 address=127.0.0.1:55882
I0915 13:37:03.164598   26229 env.go:770] [env]try /Users/brien/urnetwork/vault, [redis.yml]
I0915 13:37:03.164613   26229 env.go:640] [env]/Users/brien/urnetwork/vault/local/redis.yml[cluster] = false
I0915 13:37:03.164626   26229 env.go:656] [env]/Users/brien/urnetwork/vault/local/redis.yml[db] = 7
I0915 13:37:03.164646   26229 env.go:770] [env]try /Users/brien/urnetwork/vault/local, [redis.yml]
I0915 13:37:03.164687   26229 env.go:770] [env]try /Users/brien/urnetwork/vault, [redis.yml]
I0915 13:37:03.164724   26229 transport.go:1785] [c]h3 listener up transport=h3 port=0 address=127.0.0.1:62559
I0915 13:37:03.164745   26229 env.go:770] [env]try /Users/brien/urnetwork/vault/local, [redis.yml]
I0915 13:37:03.164793   26229 env.go:770] [env]try /Users/brien/urnetwork/vault/all, [redis.yml]
I0915 13:37:03.164846   26229 transport.go:1785] [c]h3 listener up transport=h3 port=0 address=127.0.0.1:64073
I0915 13:37:03.164529   26229 env.go:770] [env]try /Users/brien/urnetwork/vault, [redis.yml]
I0915 13:37:03.164905   26229 env.go:770] [env]try /Users/brien/urnetwork/vault/local, [redis.yml]
I0915 13:37:03.164961   26229 env.go:770] [env]try /Users/brien/urnetwork/vault/all, [redis.yml]
I0915 13:37:03.165001   26229 env.go:640] [env]/Users/brien/urnetwork/vault/local/redis.yml[cluster] = false
I0915 13:37:03.165008   26229 env.go:656] [env]/Users/brien/urnetwork/vault/local/redis.yml[db] = 7
I0915 13:37:03.164849   26229 env.go:640] [env]/Users/brien/urnetwork/vault/local/redis.yml[cluster] = false
I0915 13:37:03.165027   26229 env.go:656] [env]/Users/brien/urnetwork/vault/local/redis.yml[db] = 7
I0915 13:37:03.164694   26229 env.go:770] [env]try /Users/brien/urnetwork/vault/all, [redis.yml]
I0915 13:37:03.165515   26229 env.go:640] [env]/Users/brien/urnetwork/vault/local/redis.yml[cluster] = false
I0915 13:37:03.165527   26229 env.go:656] [env]/Users/brien/urnetwork/vault/local/redis.yml[db] = 7
I0915 13:37:03.164299   26229 env.go:770] [env]try /Users/brien/urnetwork/vault, [redis.yml]
I0915 13:37:03.165829   26229 env.go:770] [env]try /Users/brien/urnetwork/vault/local, [redis.yml]
I0915 13:37:03.165884   26229 env.go:770] [env]try /Users/brien/urnetwork/vault/all, [redis.yml]
I0915 13:37:03.164357   26229 transport.go:1785] [c]h3 listener up transport=h3 port=0 address=127.0.0.1:62705
I0915 13:37:03.165939   26229 env.go:640] [env]/Users/brien/urnetwork/vault/local/redis.yml[cluster] = false
I0915 13:37:03.167841   26229 env.go:656] [env]/Users/brien/urnetwork/vault/local/redis.yml[db] = 7
I0915 13:37:03.166337   26229 transport.go:1785] [c]h3 listener up transport=h3dns port=0 address=127.0.0.1:50455
I0915 13:37:03.164354   26229 transport.go:1785] [c]h3 listener up transport=h3 port=0 address=127.0.0.1:56903
I0915 13:37:03.167394   26229 transport.go:1785] [c]h3 listener up transport=h3 port=0 address=127.0.0.1:58608
I0915 13:37:03.167463   26229 env.go:770] [env]try /Users/brien/urnetwork/config/all, [tls.yml]
I0915 13:37:03.170641   26229 transport.go:1785] [c]h3 listener up transport=h3dns port=0 address=127.0.0.1:64466
I0915 13:37:03.170776   26229 transport.go:1785] [c]h3 listener up transport=h3 port=0 address=127.0.0.1:61009
I0915 13:37:03.499641   26229 transport_family.go:1480] [c]h3 connect to 127.0.0.1:55980 (127.0.0.1) local=0.0.0.0:65532 bound=false
I0915 13:37:03.500011   26229 transport_family.go:1480] [c]h3 connect to 127.0.0.1:61009 (127.0.0.1) local=0.0.0.0:50056 bound=false
I0915 13:37:03.500190   26229 tls.go:135] [tls]creating self-signed cert for 127.0.0.1
I0915 13:37:03.500641   26229 tls.go:135] [tls]creating self-signed cert for 127.0.0.1
I0915 13:37:03.739246   26229 transport.go:1796] [c]h3 accept connection 127.0.0.1:55980
I0915 13:37:03.802374   26229 network_client_controller.go:306] [ncc][01a0a65b-b7a0-410a-5daf-91d0b08902ff]could not find client location. err = Unknown location type.
I0915 13:37:03.913586   26229 transport_family.go:1480] [c]h3 connect to 127.0.0.1:56200 (127.0.0.1) local=0.0.0.0:61648 bound=false
I0915 13:37:03.914756   26229 tls.go:135] [tls]creating self-signed cert for 127.0.0.1
I0915 13:37:04.068142   26229 transport.go:1796] [c]h3 accept connection 127.0.0.1:56200
I0915 13:37:04.106626   26229 network_client_controller.go:306] [ncc][01a0a65b-b8d6-0b95-ae17-5110164d0fb0]could not find client location. err = Unknown location type.
I0915 13:37:04.123200   26229 transport.go:1796] [c]h3 accept connection 127.0.0.1:61009
I0915 13:37:04.213495   26229 network_client_controller.go:306] [ncc][01a0a65b-b93c-5e9c-36d1-989dc85bf829]could not find client location. err = Unknown location type.
[progress][1kib] burstSize=1 b=0
pause
I0915 13:37:04.254078   26229 transport.go:1821] [c]h3 connection exited 127.0.0.1:61009
unpause
new transport a
new transport a
new transport a
new transport a
new transport a
new transport a
I0915 13:37:04.499599   26229 transport_family.go:1480] [c]h3 connect to 127.0.0.1:54744 (127.0.0.1) local=0.0.0.0:59936 bound=false
I0915 13:37:04.500677   26229 tls.go:135] [tls]creating self-signed cert for 127.0.0.1
I0915 13:37:04.567447   26229 transport.go:1796] [c]h3 accept connection 127.0.0.1:54744
unpause
I0915 13:37:04.627021   26229 network_client_controller.go:306] [ncc][01a0a65b-bac8-6347-c755-28b7cf5950fc]could not find client location. err = Unknown location type.
I0915 13:37:04.639106   26229 transfer_encrypt.go:2004] [tls]01a0a65b-b532-f73c-ef41-1205e7257b28 server c=false 01a0a65b-b532-f73c-ef41-1204cf14b226 peer identity proof verified — cipher is now usable
I0915 13:37:04.948872   26229 transfer_encrypt.go:2004] [tls]01a0a65b-b532-f73c-ef41-1204cf14b226 client c=false 01a0a65b-b532-f73c-ef41-1205e7257b28 peer identity proof verified — cipher is now usable
I0915 13:37:05.071308   26229 transport_family.go:1480] [c]h3 connect to 127.0.0.1:55980 (127.0.0.1) local=0.0.0.0:60760 bound=false
I0915 13:37:05.078990   26229 transport.go:1796] [c]h3 accept connection 127.0.0.1:55980
I0915 13:37:05.108901   26229 network_client_controller.go:306] [ncc][01a0a65b-bcc7-e24d-33da-a26c737d742c]could not find client location. err = Unknown location type.
B dropped nacks: 1 <> 6
pause
I0915 13:37:05.649979   26229 transport.go:1821] [c]h3 connection exited 127.0.0.1:56200
I0915 13:37:05.655236   26229 transport.go:1821] [c]h3 connection exited 127.0.0.1:55980
unpause
new transport b
new transport b
new transport b
new transport b
new transport b
new transport b
I0915 13:37:05.702123   26229 transport_family.go:1480] [c]h3 connect to 127.0.0.1:62559 (127.0.0.1) local=0.0.0.0:49536 bound=false
I0915 13:37:05.702932   26229 tls.go:135] [tls]creating self-signed cert for 127.0.0.1
I0915 13:37:05.820880   26229 transport.go:1796] [c]h3 accept connection 127.0.0.1:62559
unpause
I0915 13:37:05.874362   26229 network_client_controller.go:306] [ncc][01a0a65b-bfbd-2aeb-322b-2b9340cd95fb]could not find client location. err = Unknown location type.
I0915 13:37:05.892999   26229 transfer_encrypt.go:2004] [tls]01a0a65b-b532-f73c-ef41-1205e7257b28 client c=false 01a0a65b-b532-f73c-ef41-1204cf14b226 peer identity proof verified — cipher is now usable
I0915 13:37:06.015075   26229 transport_family.go:1480] [c]h3 connect to 127.0.0.1:62705 (127.0.0.1) local=0.0.0.0:53848 bound=false
I0915 13:37:06.016588   26229 tls.go:135] [tls]creating self-signed cert for 127.0.0.1
I0915 13:37:06.173136   26229 transfer_encrypt.go:2004] [tls]01a0a65b-b532-f73c-ef41-1204cf14b226 server c=false 01a0a65b-b532-f73c-ef41-1205e7257b28 peer identity proof verified — cipher is now usable
I0915 13:37:06.303967   26229 transport.go:1796] [c]h3 accept connection 127.0.0.1:62705
I0915 13:37:06.376479   26229 network_client_controller.go:306] [ncc][01a0a65b-c1bd-8be5-f828-e985aeda35ea]could not find client location. err = Unknown location type.
A dropped nacks: 0 <> 6
[progress][1kib] burstSize=1 b=1
pause
I0915 13:37:06.878962   26229 transport.go:1821] [c]h3 connection exited 127.0.0.1:55980
I0915 13:37:06.884009   26229 transport.go:1821] [c]h3 connection exited 127.0.0.1:54744
unpause
new transport a
new transport a
new transport a
new transport a
new transport a
new transport a
I0915 13:37:07.040436   26229 transport_family.go:1480] [c]h3 connect to 127.0.0.1:59302 (127.0.0.1) local=0.0.0.0:55941 bound=false
I0915 13:37:07.044297   26229 tls.go:135] [tls]creating self-signed cert for 127.0.0.1
I0915 13:37:07.076659   26229 transport.go:1796] [c]h3 accept connection 127.0.0.1:59302
unpause
I0915 13:37:07.096383   26229 network_client_controller.go:306] [ncc][01a0a65b-c491-e667-fc66-a2fd60d1bcb9]could not find client location. err = Unknown location type.
I0915 13:37:07.888214   26229 transport_family.go:1480] [c]h3 connect to 127.0.0.1:56200 (127.0.0.1) local=0.0.0.0:51658 bound=false
I0915 13:37:07.893242   26229 transport.go:1796] [c]h3 accept connection 127.0.0.1:56200
I0915 13:37:07.911441   26229 network_client_controller.go:306] [ncc][01a0a65b-c7bf-2d14-916f-7638fd5cb341]could not find client location. err = Unknown location type.
pause
I0915 13:37:10.654244   26229 transport.go:1821] [c]h3 connection exited 127.0.0.1:62559
I0915 13:37:10.654256   26229 transport.go:1821] [c]h3 connection exited 127.0.0.1:62705
unpause
new transport b
new transport b
new transport b
new transport b
new transport b
new transport b
I0915 13:37:10.704051   26229 transport_family.go:1480] [c]h3 connect to 127.0.0.1:56200 (127.0.0.1) local=0.0.0.0:60574 bound=false
I0915 13:37:10.705986   26229 transport.go:1796] [c]h3 accept connection 127.0.0.1:56200
unpause
I0915 13:37:10.715829   26229 network_client_controller.go:306] [ncc][01a0a65b-d2b7-006d-1679-952ddd548e9f]could not find client location. err = Unknown location type.
[progress][1kib] burstSize=2 b=0
pause
I0915 13:37:10.721547   26229 transport.go:1821] [c]h3 connection exited 127.0.0.1:56200
I0915 13:37:10.721951   26229 transport.go:1821] [c]h3 connection exited 127.0.0.1:59302
unpause
new transport a
new transport a
new transport a
new transport a
new transport a
new transport a
I0915 13:37:10.858133   26229 transport_family.go:1480] [c]h3 connect to 127.0.0.1:56200 (127.0.0.1) local=0.0.0.0:63618 bound=false
I0915 13:37:10.859959   26229 transport.go:1796] [c]h3 accept connection 127.0.0.1:56200
I0915 13:37:10.875305   26229 network_client_controller.go:306] [ncc][01a0a65b-d357-b53f-79d0-c324244ec0ab]could not find client location. err = Unknown location type.
unpause
pause
unpause
pause
I0915 13:37:10.998914   26229 transport.go:1821] [c]h3 connection exited 127.0.0.1:56200
unpause
new transport b
new transport b
new transport b
new transport b
new transport b
new transport b
I0915 13:37:11.075293   26229 transport_family.go:1480] [c]h3 connect to 127.0.0.1:56200 (127.0.0.1) local=0.0.0.0:49643 bound=false
I0915 13:37:11.077376   26229 transport.go:1796] [c]h3 accept connection 127.0.0.1:56200
I0915 13:37:11.095053   26229 network_client_controller.go:306] [ncc][01a0a65b-d432-48e8-f259-ddeb865466ce]could not find client location. err = Unknown location type.
unpause
pause
unpause
[progress][1kib] burstSize=2 b=1
pause
I0915 13:37:11.238245   26229 transport.go:1821] [c]h3 connection exited 127.0.0.1:56200
unpause
new transport a
new transport a
new transport a
new transport a
new transport a
new transport a
I0915 13:37:11.778540   26229 transport_family.go:1480] [c]h3 connect to 127.0.0.1:62705 (127.0.0.1) local=0.0.0.0:50066 bound=false
I0915 13:37:11.780435   26229 transport.go:1796] [c]h3 accept connection 127.0.0.1:62705
I0915 13:37:11.789476   26229 network_client_controller.go:306] [ncc][01a0a65b-d6e9-bbcd-6341-faf541f61cc1]could not find client location. err = Unknown location type.
I0915 13:37:11.801795   26229 transport_family.go:1480] [c]h3 connect to 127.0.0.1:61009 (127.0.0.1) local=0.0.0.0:51095 bound=false
I0915 13:37:11.803721   26229 transport.go:1796] [c]h3 accept connection 127.0.0.1:61009
unpause
pause
I0915 13:37:11.812067   26229 network_client_controller.go:306] [ncc][01a0a65b-d700-95e3-92ec-aa056ae845c4]could not find client location. err = Unknown location type.
unpause
pause
I0915 13:37:11.986251   26229 transport.go:1821] [c]h3 connection exited 127.0.0.1:56200
I0915 13:37:11.987027   26229 transport.go:1821] [c]h3 connection exited 127.0.0.1:62705
unpause
new transport b
new transport b
new transport b
new transport b
new transport b
new transport b
I0915 13:37:12.601467   26229 transport_family.go:1480] [c]h3 connect to 127.0.0.1:56903 (127.0.0.1) local=0.0.0.0:54297 bound=false
I0915 13:37:12.602032   26229 tls.go:135] [tls]creating self-signed cert for 127.0.0.1
I0915 13:37:12.608946   26229 transport_family.go:1480] [c]h3 connect to 127.0.0.1:59302 (127.0.0.1) local=0.0.0.0:65017 bound=false
I0915 13:37:12.610831   26229 transport.go:1796] [c]h3 accept connection 127.0.0.1:59302
unpause
pause
I0915 13:37:12.620979   26229 network_client_controller.go:306] [ncc][01a0a65b-da28-24e6-2e34-8802e77cc656]could not find client location. err = Unknown location type.
I0915 13:37:12.638508   26229 transport.go:1796] [c]h3 accept connection 127.0.0.1:56903
I0915 13:37:12.648275   26229 network_client_controller.go:306] [ncc][01a0a65b-da43-a99d-4a90-d29cc2b2f16c]could not find client location. err = Unknown location type.
unpause
[progress][1kib] burstSize=3 b=0
pause
I0915 13:37:12.730831   26229 transport.go:1821] [c]h3 connection exited 127.0.0.1:56903
I0915 13:37:12.731532   26229 transport.go:1821] [c]h3 connection exited 127.0.0.1:61009
unpause
new transport a
new transport a
new transport a
new transport a
new transport a
new transport a
I0915 13:37:12.821176   26229 transport_family.go:1480] [c]h3 connect to 127.0.0.1:55980 (127.0.0.1) local=0.0.0.0:54230 bound=false
I0915 13:37:12.823137   26229 transport.go:1796] [c]h3 accept connection 127.0.0.1:55980
I0915 13:37:12.832056   26229 network_client_controller.go:306] [ncc][01a0a65b-dafc-cfbe-e8da-80eadc4448c3]could not find client location. err = Unknown location type.
unpause
pause
unpause
unpause
pause
I0915 13:37:13.016976   26229 transport.go:1821] [c]h3 connection exited 127.0.0.1:59302
unpause
new transport b
new transport b
new transport b
new transport b
new transport b
new transport b
I0915 13:37:13.166400   26229 transport_family.go:1480] [c]h3 connect to 127.0.0.1:59302 (127.0.0.1) local=0.0.0.0:56960 bound=false
I0915 13:37:13.168526   26229 transport.go:1796] [c]h3 accept connection 127.0.0.1:59302
unpause
pause
I0915 13:37:13.185430   26229 network_client_controller.go:306] [ncc][01a0a65b-dc59-7052-5973-63d856df0438]could not find client location. err = Unknown location type.
unpause
unpause
[progress][1kib] burstSize=3 b=1
pause
I0915 13:37:13.312520   26229 transport.go:1821] [c]h3 connection exited 127.0.0.1:55980
unpause
new transport a
new transport a
new transport a
new transport a
new transport a
new transport a
I0915 13:37:13.469689   26229 transport_family.go:1480] [c]h3 connect to 127.0.0.1:62705 (127.0.0.1) local=0.0.0.0:62258 bound=false
I0915 13:37:13.471628   26229 transport.go:1796] [c]h3 accept connection 127.0.0.1:62705
unpause
pause
I0915 13:37:13.480734   26229 network_client_controller.go:306] [ncc][01a0a65b-dd84-275e-1398-0c50142e191a]could not find client location. err = Unknown location type.
unpause
unpause
I0915 13:37:13.686884   26229 transport_family.go:1480] [c]h3 connect to 127.0.0.1:55980 (127.0.0.1) local=0.0.0.0:64164 bound=false
I0915 13:37:13.688773   26229 transport.go:1796] [c]h3 accept connection 127.0.0.1:55980
I0915 13:37:13.689297   26229 transport_family.go:1504] [c]h3 connect err = context canceled
I0915 13:37:13.689348   26229 transport.go:2941] [t]auth error 01a0a65b-b532-f73c-ef41-1205e7257b28 = context canceled
pause
I0915 13:37:13.693066   26229 transport.go:1821] [c]h3 connection exited 127.0.0.1:59302
unpause
new transport b
new transport b
new transport b
new transport b
new transport b
new transport b
I0915 13:37:13.898536   26229 transport_family.go:1480] [c]h3 connect to 127.0.0.1:59302 (127.0.0.1) local=0.0.0.0:60433 bound=false
I0915 13:37:13.900569   26229 transport.go:1796] [c]h3 accept connection 127.0.0.1:59302
I0915 13:37:13.911537   26229 network_client_controller.go:306] [ncc][01a0a65b-df32-8b4c-92d3-15319b9bc585]could not find client location. err = Unknown location type.
I0915 13:37:13.972758   26229 transport_family.go:1480] [c]h3 connect to 127.0.0.1:62559 (127.0.0.1) local=0.0.0.0:56589 bound=false
I0915 13:37:13.976321   26229 transport.go:1796] [c]h3 accept connection 127.0.0.1:62559
unpause
pause
I0915 13:37:13.994710   26229 network_client_controller.go:306] [ncc][01a0a65b-df83-25df-7989-55ec5e1c7e4e]could not find client location. err = Unknown location type.
unpause
unpause
[progress][1kib] burstSize=4 b=0
pause
I0915 13:37:14.187143   26229 transport.go:1821] [c]h3 connection exited 127.0.0.1:62705
I0915 13:37:14.187679   26229 transport.go:1821] [c]h3 connection exited 127.0.0.1:59302
I0915 13:37:14.191128   26229 transport_family.go:1480] [c]h3 connect to 127.0.0.1:58608 (127.0.0.1) local=0.0.0.0:61508 bound=false
I0915 13:37:14.191829   26229 tls.go:135] [tls]creating self-signed cert for 127.0.0.1
unpause
new transport a
new transport a
new transport a
new transport a
new transport a
new transport a
I0915 13:37:14.477910   26229 transport_family.go:1480] [c]h3 connect to 127.0.0.1:56903 (127.0.0.1) local=0.0.0.0:65058 bound=false
I0915 13:37:14.480820   26229 transport.go:1796] [c]h3 accept connection 127.0.0.1:56903
I0915 13:37:14.500216   26229 network_client_controller.go:306] [ncc][01a0a65b-e17d-3630-3725-9ca891bbe965]could not find client location. err = Unknown location type.
unpause
unpause
pause
I0915 13:37:14.527247   26229 transport.go:1796] [c]h3 accept connection 127.0.0.1:58608
I0915 13:37:14.538041   26229 network_client_controller.go:306] [ncc][01a0a65b-e1a6-307b-3ced-e5840757f0b4]could not find client location. err = Unknown location type.
unpause
unpause
I0915 13:37:14.895589   26229 transport_family.go:1480] [c]h3 connect to 127.0.0.1:55980 (127.0.0.1) local=0.0.0.0:57527 bound=false
I0915 13:37:14.897715   26229 transport.go:1796] [c]h3 accept connection 127.0.0.1:55980
I0915 13:37:14.918059   26229 network_client_controller.go:306] [ncc][01a0a65b-e31b-edc2-e728-ed2e72cde8ea]could not find client location. err = Unknown location type.
pause
I0915 13:37:18.661052   26229 transport.go:1821] [c]h3 connection exited 127.0.0.1:62559
I0915 13:37:18.661078   26229 transport.go:1821] [c]h3 connection exited 127.0.0.1:58608
unpause
new transport b
new transport b
new transport b
new transport b
new transport b
new transport b
I0915 13:37:18.863072   26229 transport_family.go:1480] [c]h3 connect to 127.0.0.1:56903 (127.0.0.1) local=0.0.0.0:51277 bound=false
I0915 13:37:18.865057   26229 transport.go:1796] [c]h3 accept connection 127.0.0.1:56903
unpause
unpause
pause
I0915 13:37:18.874348   26229 network_client_controller.go:306] [ncc][01a0a65b-f296-5a98-a2a1-a268616485dd]could not find client location. err = Unknown location type.
unpause
unpause
[progress][1kib] burstSize=4 b=1
pause
I0915 13:37:18.977236   26229 transport.go:1821] [c]h3 connection exited 127.0.0.1:56903
I0915 13:37:18.977269   26229 transport.go:1821] [c]h3 connection exited 127.0.0.1:55980
unpause
new transport a
new transport a
new transport a
new transport a
new transport a
new transport a
I0915 13:37:19.159040   26229 transport_family.go:1480] [c]h3 connect to 127.0.0.1:56903 (127.0.0.1) local=0.0.0.0:63445 bound=false
I0915 13:37:19.161043   26229 transport.go:1796] [c]h3 accept connection 127.0.0.1:56903
unpause
unpause
pause
I0915 13:37:19.170188   26229 network_client_controller.go:306] [ncc][01a0a65b-f3be-0782-4896-0941913afee3]could not find client location. err = Unknown location type.
I0915 13:37:19.246665   26229 transport_family.go:1480] [c]h3 connect to 127.0.0.1:58608 (127.0.0.1) local=0.0.0.0:60787 bound=false
I0915 13:37:19.248637   26229 transport.go:1796] [c]h3 accept connection 127.0.0.1:58608
I0915 13:37:19.257125   26229 network_client_controller.go:306] [ncc][01a0a65b-f414-d663-8776-f3183b4cbe8c]could not find client location. err = Unknown location type.
unpause
unpause
I0915 13:37:20.064328   26229 transport_family.go:1480] [c]h3 connect to 127.0.0.1:61009 (127.0.0.1) local=0.0.0.0:64552 bound=false
I0915 13:37:20.066121   26229 transport.go:1796] [c]h3 accept connection 127.0.0.1:61009
I0915 13:37:20.079264   26229 network_client_controller.go:306] [ncc][01a0a65b-f74a-f857-d1f0-00ac9276a2ec]could not find client location. err = Unknown location type.
I0915 13:37:30.003259   26229 transfer.go:4069] [c]ping
I0915 13:37:30.003283   26229 transfer.go:4069] [c]ping
pause
I0915 13:37:34.667587   26229 transport.go:1821] [c]h3 connection exited 127.0.0.1:56903
I0915 13:37:34.668303   26229 transport.go:1821] [c]h3 connection exited 127.0.0.1:58608
unpause
new transport b
new transport b
new transport b
new transport b
new transport b
new transport b
I0915 13:37:34.884507   26229 transport_family.go:1480] [c]h3 connect to 127.0.0.1:55980 (127.0.0.1) local=0.0.0.0:61841 bound=false
I0915 13:37:34.886737   26229 transport.go:1796] [c]h3 accept connection 127.0.0.1:55980
unpause
unpause
pause
I0915 13:37:34.900261   26229 network_client_controller.go:306] [ncc][01a0a65c-312f-b725-9270-ac700dbaad39]could not find client location. err = Unknown location type.
unpause
unpause
I0915 13:37:35.520583   26229 transport_family.go:1480] [c]h3 connect to 127.0.0.1:61009 (127.0.0.1) local=0.0.0.0:61882 bound=false
I0915 13:37:35.522358   26229 transport.go:1796] [c]h3 accept connection 127.0.0.1:61009
I0915 13:37:35.531052   26229 network_client_controller.go:306] [ncc][01a0a65c-33a7-d38f-1718-34d059c0692d]could not find client location. err = Unknown location type.
I0915 13:37:43.027388   26229 transfer_encrypt.go:2004] [tls]01a0a65b-b532-f73c-ef41-1204cf14b226 server c=false 01a0a65b-b532-f73c-ef41-1205e7257b28 peer identity proof verified — cipher is now usable
I0915 13:37:43.027845   26229 transfer_encrypt.go:2004] [tls]01a0a65b-b532-f73c-ef41-1205e7257b28 client c=false 01a0a65b-b532-f73c-ef41-1204cf14b226 peer identity proof verified — cipher is now usable
I0915 13:37:43.695818   26229 transport.go:1819] [c]h3 connection exited 127.0.0.1:55980 err = timeout: no recent network activity
A dropped nacks: 1 <> 24
[progress][1kib] burstSize=5 b=0
pause
I0915 13:37:44.032188   26229 transport.go:1821] [c]h3 connection exited 127.0.0.1:61009
I0915 13:37:44.032196   26229 transport.go:1821] [c]h3 connection exited 127.0.0.1:56903
unpause
new transport a
new transport a
new transport a
new transport a
new transport a
new transport a
I0915 13:37:44.159668   26229 transport_family.go:1480] [c]h3 connect to 127.0.0.1:56903 (127.0.0.1) local=0.0.0.0:56155 bound=false
I0915 13:37:44.161670   26229 transport.go:1796] [c]h3 accept connection 127.0.0.1:56903
unpause
unpause
pause
I0915 13:37:44.170797   26229 network_client_controller.go:306] [ncc][01a0a65c-5566-9680-5371-f849c0789898]could not find client location. err = Unknown location type.
unpause
unpause
unpause
I0915 13:37:44.686161   26229 transport_family.go:1480] [c]h3 connect to 127.0.0.1:64073 (127.0.0.1) local=0.0.0.0:55871 bound=false
I0915 13:37:44.686867   26229 tls.go:135] [tls]creating self-signed cert for 127.0.0.1
I0915 13:37:44.802492   26229 transport.go:1796] [c]h3 accept connection 127.0.0.1:64073
I0915 13:37:44.824383   26229 network_client_controller.go:306] [ncc][01a0a65c-57f4-7a94-ce57-723ec1c07254]could not find client location. err = Unknown location type.
I0915 13:37:44.994851   26229 transfer_encrypt.go:2004] [tls]01a0a65b-b532-f73c-ef41-1205e7257b28 server c=false 01a0a65b-b532-f73c-ef41-1204cf14b226 peer identity proof verified — cipher is now usable
I0915 13:37:44.995241   26229 transfer_encrypt.go:2004] [tls]01a0a65b-b532-f73c-ef41-1204cf14b226 client c=false 01a0a65b-b532-f73c-ef41-1205e7257b28 peer identity proof verified — cipher is now usable
B dropped nacks: 3 <> 30
pause
I0915 13:37:46.301745   26229 transport.go:1821] [c]h3 connection exited 127.0.0.1:55980
I0915 13:37:46.304589   26229 transport.go:1821] [c]h3 connection exited 127.0.0.1:61009
unpause
new transport b
new transport b
new transport b
new transport b
new transport b
new transport b
I0915 13:37:46.404362   26229 transport_family.go:1480] [c]h3 connect to 127.0.0.1:61009 (127.0.0.1) local=0.0.0.0:53819 bound=false
I0915 13:37:46.407113   26229 transport.go:1796] [c]h3 accept connection 127.0.0.1:61009
I0915 13:37:46.421478   26229 network_client_controller.go:306] [ncc][01a0a65c-5e30-48db-5477-6735091caaae]could not find client location. err = Unknown location type.
unpause
unpause
pause
unpause
unpause
unpause
I0915 13:37:46.729592   26229 transport_family.go:1480] [c]h3 connect to 127.0.0.1:62559 (127.0.0.1) local=0.0.0.0:59516 bound=false
I0915 13:37:46.731842   26229 transport.go:1796] [c]h3 accept connection 127.0.0.1:62559
I0915 13:37:46.746466   26229 network_client_controller.go:306] [ncc][01a0a65c-5f75-bed7-55f2-ecc707bdbf7b]could not find client location. err = Unknown location type.
[progress][1kib] burstSize=5 b=1
pause
I0915 13:37:49.041124   26229 transport.go:1821] [c]h3 connection exited 127.0.0.1:56903
I0915 13:37:49.041179   26229 transport.go:1821] [c]h3 connection exited 127.0.0.1:64073
unpause
new transport a
new transport a
new transport a
new transport a
new transport a
new transport a
I0915 13:37:49.258845   26229 transport_family.go:1480] [c]h3 connect to 127.0.0.1:55980 (127.0.0.1) local=0.0.0.0:58112 bound=false
I0915 13:37:49.260607   26229 transport.go:1796] [c]h3 accept connection 127.0.0.1:55980
unpause
unpause
pause
I0915 13:37:49.271511   26229 network_client_controller.go:306] [ncc][01a0a65c-6953-9b56-df0c-ce4015d62729]could not find client location. err = Unknown location type.
unpause
unpause
unpause
pause
I0915 13:37:49.522682   26229 transport.go:1821] [c]h3 connection exited 127.0.0.1:62559
I0915 13:37:49.525680   26229 transport.go:1821] [c]h3 connection exited 127.0.0.1:61009
unpause
new transport b
new transport b
new transport b
new transport b
new transport b
new transport b
I0915 13:37:49.568317   26229 transport_family.go:1480] [c]h3 connect to 127.0.0.1:62559 (127.0.0.1) local=0.0.0.0:49861 bound=false
I0915 13:37:49.570054   26229 transport.go:1796] [c]h3 accept connection 127.0.0.1:62559
unpause
unpause
pause
I0915 13:37:49.582865   26229 network_client_controller.go:306] [ncc][01a0a65c-6a89-e7e6-c2f7-3ffee3dfd47b]could not find client location. err = Unknown location type.
I0915 13:37:49.602963   26229 transport_family.go:1480] [c]h3 connect to 127.0.0.1:58608 (127.0.0.1) local=0.0.0.0:54470 bound=false
I0915 13:37:49.604927   26229 transport.go:1796] [c]h3 accept connection 127.0.0.1:58608
I0915 13:37:49.612534   26229 network_client_controller.go:306] [ncc][01a0a65c-6aa9-389d-ee4b-52eb23b3e07b]could not find client location. err = Unknown location type.
unpause
unpause
unpause
[progress][1kib] burstSize=6 b=0
pause
I0915 13:37:49.667205   26229 transport.go:1821] [c]h3 connection exited 127.0.0.1:58608
I0915 13:37:49.667205   26229 transport.go:1821] [c]h3 connection exited 127.0.0.1:55980
unpause
new transport a
new transport a
new transport a
new transport a
new transport a
new transport a
I0915 13:37:50.027118   26229 transport_family.go:1480] [c]h3 connect to 127.0.0.1:64073 (127.0.0.1) local=0.0.0.0:58905 bound=false
I0915 13:37:50.029066   26229 transport.go:1796] [c]h3 accept connection 127.0.0.1:64073
unpause
unpause
unpause
pause
I0915 13:37:50.041210   26229 network_client_controller.go:306] [ncc][01a0a65c-6c55-2c0a-fb46-5507f80f931f]could not find client location. err = Unknown location type.
unpause
unpause
unpause
I0915 13:37:50.480728   26229 transport_family.go:1480] [c]h3 connect to 127.0.0.1:62559 (127.0.0.1) local=0.0.0.0:51694 bound=false
I0915 13:37:50.482633   26229 transport.go:1796] [c]h3 accept connection 127.0.0.1:62559
I0915 13:37:50.496873   26229 network_client_controller.go:306] [ncc][01a0a65c-6e1d-f74f-aaff-9806c4dc38de]could not find client location. err = Unknown location type.
pause
I0915 13:37:50.591022   26229 transport.go:1821] [c]h3 connection exited 127.0.0.1:62559
I0915 13:37:50.591287   26229 transport.go:1821] [c]h3 connection exited 127.0.0.1:62559
unpause
new transport b
new transport b
new transport b
new transport b
new transport b
new transport b
I0915 13:37:50.936335   26229 transport_family.go:1480] [c]h3 connect to 127.0.0.1:61009 (127.0.0.1) local=0.0.0.0:50698 bound=false
I0915 13:37:50.938167   26229 transport.go:1796] [c]h3 accept connection 127.0.0.1:61009
I0915 13:37:50.952349   26229 network_client_controller.go:306] [ncc][01a0a65c-6fe2-e473-37f3-7ca37b48d488]could not find client location. err = Unknown location type.
I0915 13:37:51.270559   26229 transport_family.go:1480] [c]h3 connect to 127.0.0.1:56200 (127.0.0.1) local=0.0.0.0:59555 bound=false
I0915 13:37:51.272394   26229 transport.go:1796] [c]h3 accept connection 127.0.0.1:56200
unpause
unpause
unpause
pause
I0915 13:37:51.284138   26229 network_client_controller.go:306] [ncc][01a0a65c-7130-167a-b746-e760df0d5e0f]could not find client location. err = Unknown location type.
unpause
unpause
unpause
[progress][1kib] burstSize=6 b=1
pause
I0915 13:37:51.420827   26229 transport_family.go:1480] [c]h3 connect to 127.0.0.1:56903 (127.0.0.1) local=0.0.0.0:61065 bound=false
I0915 13:37:51.422576   26229 transport.go:1796] [c]h3 accept connection 127.0.0.1:56903
I0915 13:37:51.423745   26229 transport.go:1821] [c]h3 connection exited 127.0.0.1:64073
I0915 13:37:51.424148   26229 transport.go:1821] [c]h3 connection exited 127.0.0.1:61009
I0915 13:37:51.429568   26229 network_client_controller.go:306] [ncc][01a0a65c-71c2-d2d1-0efe-00754a267eb3]could not find client location. err = Unknown location type.
unpause
new transport a
new transport a
new transport a
new transport a
new transport a
new transport a
I0915 13:37:51.568334   26229 transport_family.go:1480] [c]h3 connect to 127.0.0.1:59302 (127.0.0.1) local=0.0.0.0:51077 bound=false
I0915 13:37:51.570104   26229 transport.go:1796] [c]h3 accept connection 127.0.0.1:59302
I0915 13:37:51.583484   26229 network_client_controller.go:306] [ncc][01a0a65c-725b-443c-98f5-7cd19e82e4d1]could not find client location. err = Unknown location type.
unpause
unpause
unpause
pause
I0915 13:37:51.699516   26229 transport_family.go:1480] [c]h3 connect to 127.0.0.1:56200 (127.0.0.1) local=0.0.0.0:52454 bound=false
I0915 13:37:51.701418   26229 transport.go:1796] [c]h3 accept connection 127.0.0.1:56200
I0915 13:37:51.709039   26229 network_client_controller.go:306] [ncc][01a0a65c-72d9-28fe-535c-751ab86199c8]could not find client location. err = Unknown location type.
unpause
unpause
unpause
pause
I0915 13:37:51.809017   26229 transport.go:1821] [c]h3 connection exited 127.0.0.1:56903
I0915 13:37:51.809018   26229 transport.go:1821] [c]h3 connection exited 127.0.0.1:56200
unpause
new transport b
new transport b
new transport b
new transport b
new transport b
new transport b
I0915 13:37:51.969086   26229 transport_family.go:1480] [c]h3 connect to 127.0.0.1:61009 (127.0.0.1) local=0.0.0.0:49573 bound=false
I0915 13:37:51.970998   26229 transport.go:1796] [c]h3 accept connection 127.0.0.1:61009
I0915 13:37:51.979296   26229 network_client_controller.go:306] [ncc][01a0a65c-73e7-1aea-357e-3f33e99d9d47]could not find client location. err = Unknown location type.
unpause
unpause
unpause
pause
unpause
unpause
unpause
I0915 13:37:52.391315   26229 transport_family.go:1480] [c]h3 connect to 127.0.0.1:56200 (127.0.0.1) local=0.0.0.0:57854 bound=false
I0915 13:37:52.393456   26229 transport.go:1796] [c]h3 accept connection 127.0.0.1:56200
I0915 13:37:52.401926   26229 network_client_controller.go:306] [ncc][01a0a65c-758e-702b-5738-79dfe6e68cc7]could not find client location. err = Unknown location type.
I0915 13:38:00.001021   26229 transfer.go:4069] [c]ping
I0915 13:38:00.001030   26229 transfer.go:4069] [c]ping
Net nack dropped bytes = 62464
I0915 13:38:02.544378   26229 transport.go:1821] [c]h3 connection exited 127.0.0.1:59302
I0915 13:38:02.544569   26229 transport.go:1821] [c]h3 connection exited 127.0.0.1:56200
I0915 13:38:02.544590   26229 transport.go:1821] [c]h3 connection exited 127.0.0.1:61009
I0915 13:38:02.544851   26229 transport.go:1821] [c]h3 connection exited 127.0.0.1:56200
I0915 13:38:02.550992   26229 env.go:770] [env]try /Users/brien/urnetwork/vault, [pg.yml]
I0915 13:38:02.555756   26229 env.go:770] [env]try /Users/brien/urnetwork/vault/local, [pg.yml]
I0915 13:38:02.556025   26229 env.go:770] [env]try /Users/brien/urnetwork/vault/all, [pg.yml]
I0915 13:38:02.556243   26229 env.go:770] [env]try /Users/brien/urnetwork/config, [db.yml]
I0915 13:38:02.556756   26229 env.go:770] [env]try /Users/brien/urnetwork/config/local, [db.yml]
I0915 13:38:02.557078   26229 env.go:770] [env]try /Users/brien/urnetwork/config/all, [db.yml]
I0915 13:38:02.557484   26229 env.go:656] [env]/Users/brien/urnetwork/config/local/db.yml[min_connections] = 4
I0915 13:38:02.557497   26229 env.go:656] [env]/Users/brien/urnetwork/config/local/db.yml[max_connections] = 16
I0915 13:38:02.557507   26229 db.go:210] [db]options = map[connect_timeout:30 pool_health_check_period:1s pool_max_conn_idle_time:60m pool_max_conn_lifetime:8h pool_max_conn_lifetime_jitter:15m pool_max_conns:16 pool_min_conns:4 sslmode:disable]
I0915 13:38:02.557597   26229 env.go:672] [env]/Users/brien/urnetwork/vault/local/pg.yml[user] = br***ur
I0915 13:38:02.557615   26229 env.go:672] [env]/Users/brien/urnetwork/vault/local/pg.yml[password] = pi***ur
I0915 13:38:02.557633   26229 env.go:705] [env]lookup env var "BRINGYOUR_POSTGRES_HOSTNAME"
I0915 13:38:02.557642   26229 env.go:672] [env]/Users/brien/urnetwork/vault/local/pg.yml[authority] = 10***32
I0915 13:38:02.557654   26229 env.go:672] [env]/Users/brien/urnetwork/vault/local/pg.yml[db] = br***ur
--- PASS: TestConnectH3EncryptedAllowFallback (77.42s)
PASS
